initial_collateral_ratio,exposure_weight,liquidation_probability,mean_bad_debt_ratio,currency,collateral,rate_rule,mechanism
1.5,6.66666577778e-08,0.5333,0.034457268454,ARS,ETH,static_20,timely
1.525,0.00666666577778,0.48725,0.0320973615953,ARS,ETH,static_20,timely
1.55,0.0133333315556,0.48395,0.029250286622,ARS,ETH,static_20,timely
1.575,0.0199999973333,0.4646,0.0276036925661,ARS,ETH,static_20,timely
1.6,0.0266666631111,0.4457,0.0261050333333,ARS,ETH,static_20,timely
1.625,0.0333333288889,0.42375,0.0243174147727,ARS,ETH,static_20,timely
1.65,0.0399999946667,0.4038,0.0273136255306,ARS,ETH,static_20,timely
1.675,0.0466666604444,0.37705,0.0260547109509,ARS,ETH,static_20,timely
1.7,0.0533333262222,0.37435,0.0238275178398,ARS,ETH,static_20,timely
1.725,0.059999992,0.35745,0.0222072385145,ARS,ETH,static_20,timely
1.75,0.0666666577778,0.3525,0.0201956169442,ARS,ETH,static_20,timely
1.775,0.0633333248889,0.34845,0.0181270727931,ARS,ETH,static_20,timely
1.8,0.059999992,0.3438,0.0163029852611,ARS,ETH,static_20,timely
1.825,0.0566666591111,0.33865,0.0144554663967,ARS,ETH,static_20,timely
1.85,0.0533333262222,0.3339,0.01283814898,ARS,ETH,static_20,timely
1.875,0.0499999933333,0.316,0.0115072537231,ARS,ETH,static_20,timely
1.9,0.0466666604444,0.2983,0.0144566989819,ARS,ETH,static_20,timely
1.925,0.0433333275556,0.2943,0.0127948160973,ARS,ETH,static_20,timely
1.95,0.0399999946667,0.28945,0.0111222123735,ARS,ETH,static_20,timely
1.975,0.0366666617778,0.2847,0.00984271356361,ARS,ETH,static_20,timely
2,0.0333333288889,0.2806,0.0086597915911,ARS,ETH,static_20,timely
2.025,0.029999996,0.27725,0.00741599575614,ARS,ETH,static_20,timely
2.05,0.0266666631111,0.27235,0.00630918444425,ARS,ETH,static_20,timely
2.075,0.0233333302222,0.26925,0.0055491718288,ARS,ETH,static_20,timely
2.1,0.0199999973333,0.2532,0.00738165722548,ARS,ETH,static_20,timely
2.125,0.0166666644444,0.2516,0.00625598534933,ARS,ETH,static_20,timely
2.15,0.0133333315556,0.24785,0.00517374793947,ARS,ETH,static_20,timely
2.175,0.00999999866667,0.24525,0.00449719098118,ARS,ETH,static_20,timely
2.2,0.00666666577778,0.24165,0.00372878810474,ARS,ETH,static_20,timely
2.225,0.00333333288889,0.2226,0.00299910922562,ARS,ETH,static_20,timely
2.25,6.66666577778e-08,0.1984,0.0022784585364,ARS,ETH,static_20,timely
1.5,6.66666577778e-08,0.5333,0.055204864934,ARS,ETH,static_20,delay_only
1.525,0.00666666577778,0.48725,0.0532163584245,ARS,ETH,static_20,delay_only
1.55,0.0133333315556,0.48395,0.0505933843638,ARS,ETH,static_20,delay_only
1.575,0.0199999973333,0.4646,0.0492783678279,ARS,ETH,static_20,delay_only
1.6,0.0266666631111,0.4457,0.0476721336636,ARS,ETH,static_20,delay_only
1.625,0.0333333288889,0.42375,0.0454405200737,ARS,ETH,static_20,delay_only
1.65,0.0399999946667,0.4038,0.0496223749,ARS,ETH,static_20,delay_only
1.675,0.0466666604444,0.37705,0.0477639196075,ARS,ETH,static_20,delay_only
1.7,0.0533333262222,0.37435,0.0451559328634,ARS,ETH,static_20,delay_only
1.725,0.059999992,0.35745,0.0438880437517,ARS,ETH,static_20,delay_only
1.75,0.0666666577778,0.3525,0.0414169411285,ARS,ETH,static_20,delay_only
1.775,0.0633333248889,0.34845,0.0388596854841,ARS,ETH,static_20,delay_only
1.8,0.059999992,0.3438,0.0363907688548,ARS,ETH,static_20,delay_only
1.825,0.0566666591111,0.33865,0.0339244513011,ARS,ETH,static_20,delay_only
1.85,0.0533333262222,0.3339,0.0314248984071,ARS,ETH,static_20,delay_only
1.875,0.0499999933333,0.316,0.0298083559027,ARS,ETH,static_20,delay_only
1.9,0.0466666604444,0.2983,0.0260065970756,ARS,ETH,static_20,delay_only
1.925,0.0433333275556,0.2943,0.0241138797712,ARS,ETH,static_20,delay_only
1.95,0.0399999946667,0.28945,0.0221959198382,ARS,ETH,static_20,delay_only
1.975,0.0366666617778,0.2847,0.0203279993397,ARS,ETH,static_20,delay_only
2,0.0333333288889,0.2806,0.018463674623,ARS,ETH,static_20,delay_only
2.025,0.029999996,0.27725,0.0169470835481,ARS,ETH,static_20,delay_only
2.05,0.0266666631111,0.27235,0.0155732099255,ARS,ETH,static_20,delay_only
2.075,0.0233333302222,0.26925,0.0141496748575,ARS,ETH,static_20,delay_only
2.1,0.0199999973333,0.2532,0.00931508784395,ARS,ETH,static_20,delay_only
2.125,0.0166666644444,0.2516,0.00828519675924,ARS,ETH,static_20,delay_only
2.15,0.0133333315556,0.24785,0.00752751806634,ARS,ETH,static_20,delay_only
2.175,0.00999999866667,0.24525,0.00666373504933,ARS,ETH,static_20,delay_only
2.2,0.00666666577778,0.24165,0.00624623797835,ARS,ETH,static_20,delay_only
2.225,0.00333333288889,0.2226,0.00570819730259,ARS,ETH,static_20,delay_only
2.25,6.66666577778e-08,0.1984,0.00511630027425,ARS,ETH,static_20,delay_only
1.5,6.66666577778e-08,0.5333,0.0476079802882,ARS,ETH,static_20,haircut_only
1.525,0.00666666577778,0.48725,0.0455539918016,ARS,ETH,static_20,haircut_only
1.55,0.0133333315556,0.48395,0.0427898997648,ARS,ETH,static_20,haircut_only
1.575,0.0199999973333,0.4646,0.0411796908536,ARS,ETH,static_20,haircut_only
1.6,0.0266666631111,0.4457,0.0393825495411,ARS,ETH,static_20,haircut_only
1.625,0.0333333288889,0.42375,0.0365819450029,ARS,ETH,static_20,haircut_only
1.65,0.0399999946667,0.4038,0.0400609173357,ARS,ETH,static_20,haircut_only
1.675,0.0466666604444,0.37705,0.0380178639379,ARS,ETH,static_20,haircut_only
1.7,0.0533333262222,0.37435,0.0347271382035,ARS,ETH,static_20,haircut_only
1.725,0.059999992,0.35745,0.0327949427906,ARS,ETH,static_20,haircut_only
1.75,0.0666666577778,0.3525,0.0302755484501,ARS,ETH,static_20,haircut_only
1.775,0.0633333248889,0.34845,0.0278290208497,ARS,ETH,static_20,haircut_only
1.8,0.059999992,0.3438,0.025741719214,ARS,ETH,static_20,haircut_only
1.825,0.0566666591111,0.33865,0.0235734195361,ARS,ETH,static_20,haircut_only
1.85,0.0533333262222,0.3339,0.0212490664767,ARS,ETH,static_20,haircut_only
1.875,0.0499999933333,0.316,0.0195557772178,ARS,ETH,static_20,haircut_only
1.9,0.0466666604444,0.2983,0.0237911518345,ARS,ETH,static_20,haircut_only
1.925,0.0433333275556,0.2943,0.0213734848662,ARS,ETH,static_20,haircut_only
1.95,0.0399999946667,0.28945,0.0191084373801,ARS,ETH,static_20,haircut_only
1.975,0.0366666617778,0.2847,0.0171737566525,ARS,ETH,static_20,haircut_only
2,0.0333333288889,0.2806,0.015586492443,ARS,ETH,static_20,haircut_only
2.025,0.029999996,0.27725,0.0138882764987,ARS,ETH,static_20,haircut_only
2.05,0.0266666631111,0.27235,0.0123125759965,ARS,ETH,static_20,haircut_only
2.075,0.0233333302222,0.26925,0.0109974557623,ARS,ETH,static_20,haircut_only
2.1,0.0199999973333,0.2532,0.0142246503278,ARS,ETH,static_20,haircut_only
2.125,0.0166666644444,0.2516,0.0129285983585,ARS,ETH,static_20,haircut_only
2.15,0.0133333315556,0.24785,0.0117116046981,ARS,ETH,static_20,haircut_only
2.175,0.00999999866667,0.24525,0.0107276771777,ARS,ETH,static_20,haircut_only
2.2,0.00666666577778,0.24165,0.00962704885299,ARS,ETH,static_20,haircut_only
2.225,0.00333333288889,0.2226,0.00880222163618,ARS,ETH,static_20,haircut_only
2.25,6.66666577778e-08,0.1984,0.00811017725544,ARS,ETH,static_20,haircut_only
1.5,6.66666577778e-08,0.5333,0.0674240539442,ARS,ETH,static_20,delayed_stress
1.525,0.00666666577778,0.48725,0.0655575343764,ARS,ETH,static_20,delayed_stress
1.55,0.0133333315556,0.48395,0.0627989690339,ARS,ETH,static_20,delayed_stress
1.575,0.0199999973333,0.4646,0.0616033095239,ARS,ETH,static_20,delayed_stress
1.6,0.0266666631111,0.4457,0.0600946365382,ARS,ETH,static_20,delayed_stress
1.625,0.0333333288889,0.42375,0.0576341068625,ARS,ETH,static_20,delayed_stress
1.65,0.0399999946667,0.4038,0.0612116098136,ARS,ETH,static_20,delayed_stress
1.675,0.0466666604444,0.37705,0.0593227250436,ARS,ETH,static_20,delayed_stress
1.7,0.0533333262222,0.37435,0.0565964063597,ARS,ETH,static_20,delayed_stress
1.725,0.059999992,0.35745,0.0556637756335,ARS,ETH,static_20,delayed_stress
1.75,0.0666666577778,0.3525,0.0531606274583,ARS,ETH,static_20,delayed_stress
1.775,0.0633333248889,0.34845,0.0505426527398,ARS,ETH,static_20,delayed_stress
1.8,0.059999992,0.3438,0.0479863671666,ARS,ETH,static_20,delayed_stress
1.825,0.0566666591111,0.33865,0.0455034821717,ARS,ETH,static_20,delayed_stress
1.85,0.0533333262222,0.3339,0.0429544910337,ARS,ETH,static_20,delayed_stress
1.875,0.0499999933333,0.316,0.0410682567765,ARS,ETH,static_20,delayed_stress
1.9,0.0466666604444,0.2983,0.036445202405,ARS,ETH,static_20,delayed_stress
1.925,0.0433333275556,0.2943,0.0339654125541,ARS,ETH,static_20,delayed_stress
1.95,0.0399999946667,0.28945,0.0317144081793,ARS,ETH,static_20,delayed_stress
1.975,0.0366666617778,0.2847,0.0295599654526,ARS,ETH,static_20,delayed_stress
2,0.0333333288889,0.2806,0.027381596983,ARS,ETH,static_20,delayed_stress
2.025,0.029999996,0.27725,0.0255485549497,ARS,ETH,static_20,delayed_stress
2.05,0.0266666631111,0.27235,0.0227265004959,ARS,ETH,static_20,delayed_stress
2.075,0.0233333302222,0.26925,0.0211128459804,ARS,ETH,static_20,delayed_stress
2.1,0.0199999973333,0.2532,0.0169154323397,ARS,ETH,static_20,delayed_stress
2.125,0.0166666644444,0.2516,0.0153598357846,ARS,ETH,static_20,delayed_stress
2.15,0.0133333315556,0.24785,0.0138297465559,ARS,ETH,static_20,delayed_stress
2.175,0.00999999866667,0.24525,0.0122367634903,ARS,ETH,static_20,delayed_stress
2.2,0.00666666577778,0.24165,0.011724618684,ARS,ETH,static_20,delayed_stress
2.225,0.00333333288889,0.2226,0.0110804758986,ARS,ETH,static_20,delayed_stress
2.25,6.66666577778e-08,0.1984,0.0103671612969,ARS,ETH,static_20,delayed_stress
1.5,6.66666577778e-08,0.60305,0.0411548837632,ARS,ETH,adaptive_75,timely
1.525,0.00666666577778,0.57135,0.0396866005782,ARS,ETH,adaptive_75,timely
1.55,0.0133333315556,0.56295,0.0365493167541,ARS,ETH,adaptive_75,timely
1.575,0.0199999973333,0.558,0.0340802269044,ARS,ETH,adaptive_75,timely
1.6,0.0266666631111,0.53935,0.0321435110021,ARS,ETH,adaptive_75,timely
1.625,0.0333333288889,0.5024,0.0304561210675,ARS,ETH,adaptive_75,timely
1.65,0.0399999946667,0.4824,0.0332213470602,ARS,ETH,adaptive_75,timely
1.675,0.0466666604444,0.4549,0.030479877639,ARS,ETH,adaptive_75,timely
1.7,0.0533333262222,0.44985,0.027799001071,ARS,ETH,adaptive_75,timely
1.725,0.059999992,0.44505,0.0252906891715,ARS,ETH,adaptive_75,timely
1.75,0.0666666577778,0.4393,0.023357779497,ARS,ETH,adaptive_75,timely
1.775,0.0633333248889,0.4257,0.0220855332366,ARS,ETH,adaptive_75,timely
1.8,0.059999992,0.42095,0.0199771008967,ARS,ETH,adaptive_75,timely
1.825,0.0566666591111,0.41385,0.0180086880185,ARS,ETH,adaptive_75,timely
1.85,0.0533333262222,0.40845,0.0162537239366,ARS,ETH,adaptive_75,timely
1.875,0.0499999933333,0.4028,0.0144902876231,ARS,ETH,adaptive_75,timely
1.9,0.0466666604444,0.387,0.0132292068275,ARS,ETH,adaptive_75,timely
1.925,0.0433333275556,0.37535,0.0124661136741,ARS,ETH,adaptive_75,timely
1.95,0.0399999946667,0.36085,0.0157116020514,ARS,ETH,adaptive_75,timely
1.975,0.0366666617778,0.3539,0.0141778770087,ARS,ETH,adaptive_75,timely
2,0.0333333288889,0.3488,0.0126720744283,ARS,ETH,adaptive_75,timely
2.025,0.029999996,0.3438,0.0113755301164,ARS,ETH,adaptive_75,timely
2.05,0.0266666631111,0.33875,0.0100015378398,ARS,ETH,adaptive_75,timely
2.075,0.0233333302222,0.3342,0.008953334912,ARS,ETH,adaptive_75,timely
2.1,0.0199999973333,0.32945,0.0112517264234,ARS,ETH,adaptive_75,timely
2.125,0.0166666644444,0.3144,0.0101619608676,ARS,ETH,adaptive_75,timely
2.15,0.0133333315556,0.3081,0.00891496396627,ARS,ETH,adaptive_75,timely
2.175,0.00999999866667,0.3043,0.00788689625586,ARS,ETH,adaptive_75,timely
2.2,0.00666666577778,0.2993,0.00699733492523,ARS,ETH,adaptive_75,timely
2.225,0.00333333288889,0.2805,0.00607767203804,ARS,ETH,adaptive_75,timely
2.25,6.66666577778e-08,0.2554,0.00521382148834,ARS,ETH,adaptive_75,timely
1.5,6.66666577778e-08,0.60305,0.0676389338377,ARS,ETH,adaptive_75,delay_only
1.525,0.00666666577778,0.57135,0.067707307265,ARS,ETH,adaptive_75,delay_only
1.55,0.0133333315556,0.56295,0.0649561666019,ARS,ETH,adaptive_75,delay_only
1.575,0.0199999973333,0.558,0.0625925182075,ARS,ETH,adaptive_75,delay_only
1.6,0.0266666631111,0.53935,0.0612850171516,ARS,ETH,adaptive_75,delay_only
1.625,0.0333333288889,0.5024,0.0606055881147,ARS,ETH,adaptive_75,delay_only
1.65,0.0399999946667,0.4824,0.0653118823869,ARS,ETH,adaptive_75,delay_only
1.675,0.0466666604444,0.4549,0.0635525576899,ARS,ETH,adaptive_75,delay_only
1.7,0.0533333262222,0.44985,0.060415911515,ARS,ETH,adaptive_75,delay_only
1.725,0.059999992,0.44505,0.0575177434317,ARS,ETH,adaptive_75,delay_only
1.75,0.0666666577778,0.4393,0.0548402904594,ARS,ETH,adaptive_75,delay_only
1.775,0.0633333248889,0.4257,0.0533790489699,ARS,ETH,adaptive_75,delay_only
1.8,0.059999992,0.42095,0.0504205307306,ARS,ETH,adaptive_75,delay_only
1.825,0.0566666591111,0.41385,0.0479879640827,ARS,ETH,adaptive_75,delay_only
1.85,0.0533333262222,0.40845,0.0454533375707,ARS,ETH,adaptive_75,delay_only
1.875,0.0499999933333,0.4028,0.0426826530894,ARS,ETH,adaptive_75,delay_only
1.9,0.0466666604444,0.387,0.0407543253553,ARS,ETH,adaptive_75,delay_only
1.925,0.0433333275556,0.37535,0.0392858583723,ARS,ETH,adaptive_75,delay_only
1.95,0.0399999946667,0.36085,0.0346809338641,ARS,ETH,adaptive_75,delay_only
1.975,0.0366666617778,0.3539,0.0323216430636,ARS,ETH,adaptive_75,delay_only
2,0.0333333288889,0.3488,0.0303477113135,ARS,ETH,adaptive_75,delay_only
2.025,0.029999996,0.3438,0.0282121663637,ARS,ETH,adaptive_75,delay_only
2.05,0.0266666631111,0.33875,0.0263248339701,ARS,ETH,adaptive_75,delay_only
2.075,0.0233333302222,0.3342,0.0243644506893,ARS,ETH,adaptive_75,delay_only
2.1,0.0199999973333,0.32945,0.0188648620713,ARS,ETH,adaptive_75,delay_only
2.125,0.0166666644444,0.3144,0.0180980147047,ARS,ETH,adaptive_75,delay_only
2.15,0.0133333315556,0.3081,0.0167226238005,ARS,ETH,adaptive_75,delay_only
2.175,0.00999999866667,0.3043,0.0152835368066,ARS,ETH,adaptive_75,delay_only
2.2,0.00666666577778,0.2993,0.0144978388945,ARS,ETH,adaptive_75,delay_only
2.225,0.00333333288889,0.2805,0.0137659941056,ARS,ETH,adaptive_75,delay_only
2.25,6.66666577778e-08,0.2554,0.0128445336115,ARS,ETH,adaptive_75,delay_only
1.5,6.66666577778e-08,0.60305,0.0556737902006,ARS,ETH,adaptive_75,haircut_only
1.525,0.00666666577778,0.57135,0.0547959624241,ARS,ETH,adaptive_75,haircut_only
1.55,0.0133333315556,0.56295,0.0517799614715,ARS,ETH,adaptive_75,haircut_only
1.575,0.0199999973333,0.558,0.0493910141285,ARS,ETH,adaptive_75,haircut_only
1.6,0.0266666631111,0.53935,0.0477362971453,ARS,ETH,adaptive_75,haircut_only
1.625,0.0333333288889,0.5024,0.0463337371019,ARS,ETH,adaptive_75,haircut_only
1.65,0.0399999946667,0.4824,0.0503457702623,ARS,ETH,adaptive_75,haircut_only
1.675,0.0466666604444,0.4549,0.0473101999165,ARS,ETH,adaptive_75,haircut_only
1.7,0.0533333262222,0.44985,0.0434348193844,ARS,ETH,adaptive_75,haircut_only
1.725,0.059999992,0.44505,0.0398138495953,ARS,ETH,adaptive_75,haircut_only
1.75,0.0666666577778,0.4393,0.036935519558,ARS,ETH,adaptive_75,haircut_only
1.775,0.0633333248889,0.4257,0.0349961327191,ARS,ETH,adaptive_75,haircut_only
1.8,0.059999992,0.42095,0.0318252215905,ARS,ETH,adaptive_75,haircut_only
1.825,0.0566666591111,0.41385,0.0288532021176,ARS,ETH,adaptive_75,haircut_only
1.85,0.0533333262222,0.40845,0.0261404488702,ARS,ETH,adaptive_75,haircut_only
1.875,0.0499999933333,0.4028,0.0236717594328,ARS,ETH,adaptive_75,haircut_only
1.9,0.0466666604444,0.387,0.0221361739264,ARS,ETH,adaptive_75,haircut_only
1.925,0.0433333275556,0.37535,0.0210692905999,ARS,ETH,adaptive_75,haircut_only
1.95,0.0399999946667,0.36085,0.0259076386307,ARS,ETH,adaptive_75,haircut_only
1.975,0.0366666617778,0.3539,0.0239052138534,ARS,ETH,adaptive_75,haircut_only
2,0.0333333288889,0.3488,0.0220458339942,ARS,ETH,adaptive_75,haircut_only
2.025,0.029999996,0.3438,0.0203669893855,ARS,ETH,adaptive_75,haircut_only
2.05,0.0266666631111,0.33875,0.0185025621797,ARS,ETH,adaptive_75,haircut_only
2.075,0.0233333302222,0.3342,0.0167627660949,ARS,ETH,adaptive_75,haircut_only
2.1,0.0199999973333,0.32945,0.0202045266639,ARS,ETH,adaptive_75,haircut_only
2.125,0.0166666644444,0.3144,0.0191801008038,ARS,ETH,adaptive_75,haircut_only
2.15,0.0133333315556,0.3081,0.0176711903806,ARS,ETH,adaptive_75,haircut_only
2.175,0.00999999866667,0.3043,0.0161563634367,ARS,ETH,adaptive_75,haircut_only
2.2,0.00666666577778,0.2993,0.0147956519271,ARS,ETH,adaptive_75,haircut_only
2.225,0.00333333288889,0.2805,0.0136554789461,ARS,ETH,adaptive_75,haircut_only
2.25,6.66666577778e-08,0.2554,0.012752742318,ARS,ETH,adaptive_75,haircut_only
1.5,6.66666577778e-08,0.60305,0.0816949384737,ARS,ETH,adaptive_75,delayed_stress
1.525,0.00666666577778,0.57135,0.082327431513,ARS,ETH,adaptive_75,delayed_stress
1.55,0.0133333315556,0.56295,0.0795408636067,ARS,ETH,adaptive_75,delayed_stress
1.575,0.0199999973333,0.558,0.0770326128116,ARS,ETH,adaptive_75,delayed_stress
1.6,0.0266666631111,0.53935,0.0759110771355,ARS,ETH,adaptive_75,delayed_stress
1.625,0.0333333288889,0.5024,0.0757068575681,ARS,ETH,adaptive_75,delayed_stress
1.65,0.0399999946667,0.4824,0.0798416938425,ARS,ETH,adaptive_75,delayed_stress
1.675,0.0466666604444,0.4549,0.0782815234141,ARS,ETH,adaptive_75,delayed_stress
1.7,0.0533333262222,0.44985,0.0750034881227,ARS,ETH,adaptive_75,delayed_stress
1.725,0.059999992,0.44505,0.0719879037832,ARS,ETH,adaptive_75,delayed_stress
1.75,0.0666666577778,0.4393,0.0692149913811,ARS,ETH,adaptive_75,delayed_stress
1.775,0.0633333248889,0.4257,0.0679638040822,ARS,ETH,adaptive_75,delayed_stress
1.8,0.059999992,0.42095,0.0648577037397,ARS,ETH,adaptive_75,delayed_stress
1.825,0.0566666591111,0.41385,0.062527173337,ARS,ETH,adaptive_75,delayed_stress
1.85,0.0533333262222,0.40845,0.0599582985297,ARS,ETH,adaptive_75,delayed_stress
1.875,0.0499999933333,0.4028,0.0569035235021,ARS,ETH,adaptive_75,delayed_stress
1.9,0.0466666604444,0.387,0.0547988956641,ARS,ETH,adaptive_75,delayed_stress
1.925,0.0433333275556,0.37535,0.0527589771367,ARS,ETH,adaptive_75,delayed_stress
1.95,0.0399999946667,0.36085,0.0472518316253,ARS,ETH,adaptive_75,delayed_stress
1.975,0.0366666617778,0.3539,0.0445176238632,ARS,ETH,adaptive_75,delayed_stress
2,0.0333333288889,0.3488,0.0419181697291,ARS,ETH,adaptive_75,delayed_stress
2.025,0.029999996,0.3438,0.0395081980591,ARS,ETH,adaptive_75,delayed_stress
2.05,0.0266666631111,0.33875,0.0361789027321,ARS,ETH,adaptive_75,delayed_stress
2.075,0.0233333302222,0.3342,0.034186080042,ARS,ETH,adaptive_75,delayed_stress
2.1,0.0199999973333,0.32945,0.0293447377568,ARS,ETH,adaptive_75,delayed_stress
2.125,0.0166666644444,0.3144,0.0285469338579,ARS,ETH,adaptive_75,delayed_stress
2.15,0.0133333315556,0.3081,0.0267674765544,ARS,ETH,adaptive_75,delayed_stress
2.175,0.00999999866667,0.3043,0.0248893828518,ARS,ETH,adaptive_75,delayed_stress
2.2,0.00666666577778,0.2993,0.0235308833395,ARS,ETH,adaptive_75,delayed_stress
2.225,0.00333333288889,0.2805,0.0225201872008,ARS,ETH,adaptive_75,delayed_stress
2.25,6.66666577778e-08,0.2554,0.0212378952433,ARS,ETH,adaptive_75,delayed_stress
1.5,6.66666577778e-08,0.6191,0.0441096783344,ARS,ETH,indexed_100,timely
1.525,0.00666666577778,0.59925,0.04162060184,ARS,ETH,indexed_100,timely
1.55,0.0133333315556,0.5871,0.0395683876335,ARS,ETH,indexed_100,timely
1.575,0.0199999973333,0.5808,0.0367694209632,ARS,ETH,indexed_100,timely
1.6,0.0266666631111,0.5611,0.0350106864758,ARS,ETH,indexed_100,timely
1.625,0.0333333288889,0.53815,0.0326935328688,ARS,ETH,indexed_100,timely
1.65,0.0399999946667,0.50755,0.0363002217368,ARS,ETH,indexed_100,timely
1.675,0.0466666604444,0.47955,0.0333437673197,ARS,ETH,indexed_100,timely
1.7,0.0533333262222,0.4718,0.0303818490612,ARS,ETH,indexed_100,timely
1.725,0.059999992,0.46655,0.0279591570854,ARS,ETH,indexed_100,timely
1.75,0.0666666577778,0.4601,0.0256272926039,ARS,ETH,indexed_100,timely
1.775,0.0633333248889,0.4547,0.0234183258304,ARS,ETH,indexed_100,timely
1.8,0.059999992,0.4494,0.0212437237884,ARS,ETH,indexed_100,timely
1.825,0.0566666591111,0.4368,0.0199103181701,ARS,ETH,indexed_100,timely
1.85,0.0533333262222,0.4327,0.0179683945858,ARS,ETH,indexed_100,timely
1.875,0.0499999933333,0.42675,0.0160690178867,ARS,ETH,indexed_100,timely
1.9,0.0466666604444,0.41275,0.0147084069871,ARS,ETH,indexed_100,timely
1.925,0.0433333275556,0.40595,0.0131825499032,ARS,ETH,indexed_100,timely
1.95,0.0399999946667,0.3999,0.0165279697336,ARS,ETH,indexed_100,timely
1.975,0.0366666617778,0.38575,0.0149600598603,ARS,ETH,indexed_100,timely
2,0.0333333288889,0.37195,0.0139305414766,ARS,ETH,indexed_100,timely
2.025,0.029999996,0.36635,0.0124670543179,ARS,ETH,indexed_100,timely
2.05,0.0266666631111,0.36105,0.0114169199929,ARS,ETH,indexed_100,timely
2.075,0.0233333302222,0.35645,0.0102485806076,ARS,ETH,indexed_100,timely
2.1,0.0199999973333,0.35225,0.0128295950886,ARS,ETH,indexed_100,timely
2.125,0.0166666644444,0.3382,0.0116731645486,ARS,ETH,indexed_100,timely
2.15,0.0133333315556,0.3322,0.0103960338443,ARS,ETH,indexed_100,timely
2.175,0.00999999866667,0.3267,0.0093572145317,ARS,ETH,indexed_100,timely
2.2,0.00666666577778,0.32245,0.00835329548257,ARS,ETH,indexed_100,timely
2.225,0.00333333288889,0.305,0.00743940425504,ARS,ETH,indexed_100,timely
2.25,6.66666577778e-08,0.2808,0.00647727949476,ARS,ETH,indexed_100,timely
1.5,6.66666577778e-08,0.6191,0.07284692033,ARS,ETH,indexed_100,delay_only
1.525,0.00666666577778,0.59925,0.0712480892105,ARS,ETH,indexed_100,delay_only
1.55,0.0133333315556,0.5871,0.070244159672,ARS,ETH,indexed_100,delay_only
1.575,0.0199999973333,0.5808,0.0675871980049,ARS,ETH,indexed_100,delay_only
1.6,0.0266666631111,0.5611,0.0665670557256,ARS,ETH,indexed_100,delay_only
1.625,0.0333333288889,0.53815,0.064653240448,ARS,ETH,indexed_100,delay_only
1.65,0.0399999946667,0.50755,0.0712410556625,ARS,ETH,indexed_100,delay_only
1.675,0.0466666604444,0.47955,0.0689063564389,ARS,ETH,indexed_100,delay_only
1.7,0.0533333262222,0.4718,0.0668313767629,ARS,ETH,indexed_100,delay_only
1.725,0.059999992,0.46655,0.0638583896078,ARS,ETH,indexed_100,delay_only
1.75,0.0666666577778,0.4601,0.0611859109393,ARS,ETH,indexed_100,delay_only
1.775,0.0633333248889,0.4547,0.0584036893774,ARS,ETH,indexed_100,delay_only
1.8,0.059999992,0.4494,0.0554239518173,ARS,ETH,indexed_100,delay_only
1.825,0.0566666591111,0.4368,0.0538406903395,ARS,ETH,indexed_100,delay_only
1.85,0.0533333262222,0.4327,0.0513673998632,ARS,ETH,indexed_100,delay_only
1.875,0.0499999933333,0.42675,0.048388251422,ARS,ETH,indexed_100,delay_only
1.9,0.0466666604444,0.41275,0.0464008235701,ARS,ETH,indexed_100,delay_only
1.925,0.0433333275556,0.40595,0.0437967763255,ARS,ETH,indexed_100,delay_only
1.95,0.0399999946667,0.3999,0.0385830936023,ARS,ETH,indexed_100,delay_only
1.975,0.0366666617778,0.38575,0.0369187183164,ARS,ETH,indexed_100,delay_only
2,0.0333333288889,0.37195,0.0356984186214,ARS,ETH,indexed_100,delay_only
2.025,0.029999996,0.36635,0.0335542624136,ARS,ETH,indexed_100,delay_only
2.05,0.0266666631111,0.36105,0.0311924464274,ARS,ETH,indexed_100,delay_only
2.075,0.0233333302222,0.35645,0.0291417936625,ARS,ETH,indexed_100,delay_only
2.1,0.0199999973333,0.35225,0.0235213585579,ARS,ETH,indexed_100,delay_only
2.125,0.0166666644444,0.3382,0.0227034804922,ARS,ETH,indexed_100,delay_only
2.15,0.0133333315556,0.3322,0.0211766321479,ARS,ETH,indexed_100,delay_only
2.175,0.00999999866667,0.3267,0.0195966128733,ARS,ETH,indexed_100,delay_only
2.2,0.00666666577778,0.32245,0.0183629741458,ARS,ETH,indexed_100,delay_only
2.225,0.00333333288889,0.305,0.0175104160844,ARS,ETH,indexed_100,delay_only
2.25,6.66666577778e-08,0.2808,0.0164394240629,ARS,ETH,indexed_100,delay_only
1.5,6.66666577778e-08,0.6191,0.0587469993698,ARS,ETH,indexed_100,haircut_only
1.525,0.00666666577778,0.59925,0.056633866386,ARS,ETH,indexed_100,haircut_only
1.55,0.0133333315556,0.5871,0.0549839225518,ARS,ETH,indexed_100,haircut_only
1.575,0.0199999973333,0.5808,0.0523027588485,ARS,ETH,indexed_100,haircut_only
1.6,0.0266666631111,0.5611,0.05089307523,ARS,ETH,indexed_100,haircut_only
1.625,0.0333333288889,0.53815,0.0485326873795,ARS,ETH,indexed_100,haircut_only
1.65,0.0399999946667,0.50755,0.0539223957296,ARS,ETH,indexed_100,haircut_only
1.675,0.0466666604444,0.47955,0.050887270263,ARS,ETH,indexed_100,haircut_only
1.7,0.0533333262222,0.4718,0.0474812925745,ARS,ETH,indexed_100,haircut_only
1.725,0.059999992,0.46655,0.0440957522936,ARS,ETH,indexed_100,haircut_only
1.75,0.0666666577778,0.4601,0.0408975727712,ARS,ETH,indexed_100,haircut_only
1.775,0.0633333248889,0.4547,0.0376484656897,ARS,ETH,indexed_100,haircut_only
1.8,0.059999992,0.4494,0.0343832667378,ARS,ETH,indexed_100,haircut_only
1.825,0.0566666591111,0.4368,0.032349862458,ARS,ETH,indexed_100,haircut_only
1.85,0.0533333262222,0.4327,0.0288184941866,ARS,ETH,indexed_100,haircut_only
1.875,0.0499999933333,0.42675,0.025967967002,ARS,ETH,indexed_100,haircut_only
1.9,0.0466666604444,0.41275,0.0241912637949,ARS,ETH,indexed_100,haircut_only
1.925,0.0433333275556,0.40595,0.0219131424507,ARS,ETH,indexed_100,haircut_only
1.95,0.0399999946667,0.3999,0.0265894602235,ARS,ETH,indexed_100,haircut_only
1.975,0.0366666617778,0.38575,0.0248682000639,ARS,ETH,indexed_100,haircut_only
2,0.0333333288889,0.37195,0.0238775798042,ARS,ETH,indexed_100,haircut_only
2.025,0.029999996,0.36635,0.0220188208834,ARS,ETH,indexed_100,haircut_only
2.05,0.0266666631111,0.36105,0.0205659049846,ARS,ETH,indexed_100,haircut_only
2.075,0.0233333302222,0.35645,0.0186961333041,ARS,ETH,indexed_100,haircut_only
2.1,0.0199999973333,0.35225,0.0224540097301,ARS,ETH,indexed_100,haircut_only
2.125,0.0166666644444,0.3382,0.0214194945455,ARS,ETH,indexed_100,haircut_only
2.15,0.0133333315556,0.3322,0.0199359935916,ARS,ETH,indexed_100,haircut_only
2.175,0.00999999866667,0.3267,0.0184082932443,ARS,ETH,indexed_100,haircut_only
2.2,0.00666666577778,0.32245,0.0168197257316,ARS,ETH,indexed_100,haircut_only
2.225,0.00333333288889,0.305,0.0156864339437,ARS,ETH,indexed_100,haircut_only
2.25,6.66666577778e-08,0.2808,0.0146262747929,ARS,ETH,indexed_100,haircut_only
1.5,6.66666577778e-08,0.6191,0.0873046812522,ARS,ETH,indexed_100,delayed_stress
1.525,0.00666666577778,0.59925,0.0861412367837,ARS,ETH,indexed_100,delayed_stress
1.55,0.0133333315556,0.5871,0.0854998534662,ARS,ETH,indexed_100,delayed_stress
1.575,0.0199999973333,0.5808,0.0827834466653,ARS,ETH,indexed_100,delayed_stress
1.6,0.0266666631111,0.5611,0.0820375702495,ARS,ETH,indexed_100,delayed_stress
1.625,0.0333333288889,0.53815,0.0802161605461,ARS,ETH,indexed_100,delayed_stress
1.65,0.0399999946667,0.50755,0.0876177839974,ARS,ETH,indexed_100,delayed_stress
1.675,0.0466666604444,0.47955,0.0850304301665,ARS,ETH,indexed_100,delayed_stress
1.7,0.0533333262222,0.4718,0.0829540647071,ARS,ETH,indexed_100,delayed_stress
1.725,0.059999992,0.46655,0.0794326313681,ARS,ETH,indexed_100,delayed_stress
1.75,0.0666666577778,0.4601,0.0766116295577,ARS,ETH,indexed_100,delayed_stress
1.775,0.0633333248889,0.4547,0.0737533531405,ARS,ETH,indexed_100,delayed_stress
1.8,0.059999992,0.4494,0.0706484762115,ARS,ETH,indexed_100,delayed_stress
1.825,0.0566666591111,0.4368,0.0694128449023,ARS,ETH,indexed_100,delayed_stress
1.85,0.0533333262222,0.4327,0.0671603602212,ARS,ETH,indexed_100,delayed_stress
1.875,0.0499999933333,0.42675,0.0639223941031,ARS,ETH,indexed_100,delayed_stress
1.9,0.0466666604444,0.41275,0.06168970456,ARS,ETH,indexed_100,delayed_stress
1.925,0.0433333275556,0.40595,0.0584719271405,ARS,ETH,indexed_100,delayed_stress
1.95,0.0399999946667,0.3999,0.052208493506,ARS,ETH,indexed_100,delayed_stress
1.975,0.0366666617778,0.38575,0.0498951469777,ARS,ETH,indexed_100,delayed_stress
2,0.0333333288889,0.37195,0.0482828699868,ARS,ETH,indexed_100,delayed_stress
2.025,0.029999996,0.36635,0.0458262392456,ARS,ETH,indexed_100,delayed_stress
2.05,0.0266666631111,0.36105,0.0419249658309,ARS,ETH,indexed_100,delayed_stress
2.075,0.0233333302222,0.35645,0.0397834940529,ARS,ETH,indexed_100,delayed_stress
2.1,0.0199999973333,0.35225,0.034795287122,ARS,ETH,indexed_100,delayed_stress
2.125,0.0166666644444,0.3382,0.0340219449995,ARS,ETH,indexed_100,delayed_stress
2.15,0.0133333315556,0.3322,0.0322344838909,ARS,ETH,indexed_100,delayed_stress
2.175,0.00999999866667,0.3267,0.030322778526,ARS,ETH,indexed_100,delayed_stress
2.2,0.00666666577778,0.32245,0.0286502785121,ARS,ETH,indexed_100,delayed_stress
2.225,0.00333333288889,0.305,0.027569618246,ARS,ETH,indexed_100,delayed_stress
2.25,6.66666577778e-08,0.2808,0.0260656670738,ARS,ETH,indexed_100,delayed_stress
1.5,6.66666577778e-08,0.57795,0.0410538066545,ARS,ETH,smooth_12,timely
1.525,0.00666666577778,0.5544,0.0383421006078,ARS,ETH,smooth_12,timely
1.55,0.0133333315556,0.5484,0.0355498178591,ARS,ETH,smooth_12,timely
1.575,0.0199999973333,0.5268,0.0331256318463,ARS,ETH,smooth_12,timely
1.6,0.0266666631111,0.50655,0.0313730808787,ARS,ETH,smooth_12,timely
1.625,0.0333333288889,0.48425,0.0289634311233,ARS,ETH,smooth_12,timely
1.65,0.0399999946667,0.46455,0.0312065378057,ARS,ETH,smooth_12,timely
1.675,0.0466666604444,0.43725,0.0286869514245,ARS,ETH,smooth_12,timely
1.7,0.0533333262222,0.4224,0.0271688317495,ARS,ETH,smooth_12,timely
1.725,0.059999992,0.41705,0.0249025898819,ARS,ETH,smooth_12,timely
1.75,0.0666666577778,0.41275,0.022718869335,ARS,ETH,smooth_12,timely
1.775,0.0633333248889,0.40605,0.0210650677084,ARS,ETH,smooth_12,timely
1.8,0.059999992,0.402,0.0189111397762,ARS,ETH,smooth_12,timely
1.825,0.0566666591111,0.39655,0.0170233705547,ARS,ETH,smooth_12,timely
1.85,0.0533333262222,0.38185,0.01606783008,ARS,ETH,smooth_12,timely
1.875,0.0499999933333,0.37715,0.014483996738,ARS,ETH,smooth_12,timely
1.9,0.0466666604444,0.36195,0.0133097813497,ARS,ETH,smooth_12,timely
1.925,0.0433333275556,0.3573,0.0119774109554,ARS,ETH,smooth_12,timely
1.95,0.0399999946667,0.3405,0.0151229094832,ARS,ETH,smooth_12,timely
1.975,0.0366666617778,0.3355,0.0133718789176,ARS,ETH,smooth_12,timely
2,0.0333333288889,0.3313,0.0119389292883,ARS,ETH,smooth_12,timely
2.025,0.029999996,0.3266,0.010534045121,ARS,ETH,smooth_12,timely
2.05,0.0266666631111,0.32165,0.00924773076063,ARS,ETH,smooth_12,timely
2.075,0.0233333302222,0.31775,0.00824811523683,ARS,ETH,smooth_12,timely
2.1,0.0199999973333,0.31255,0.0106402729267,ARS,ETH,smooth_12,timely
2.125,0.0166666644444,0.2966,0.00947991534682,ARS,ETH,smooth_12,timely
2.15,0.0133333315556,0.2904,0.00824316566824,ARS,ETH,smooth_12,timely
2.175,0.00999999866667,0.2876,0.00732054749476,ARS,ETH,smooth_12,timely
2.2,0.00666666577778,0.28295,0.00640498296618,ARS,ETH,smooth_12,timely
2.225,0.00333333288889,0.26425,0.00552982284198,ARS,ETH,smooth_12,timely
2.25,6.66666577778e-08,0.24005,0.00466454061414,ARS,ETH,smooth_12,timely
1.5,6.66666577778e-08,0.57795,0.0672242144061,ARS,ETH,smooth_12,delay_only
1.525,0.00666666577778,0.5544,0.0649936068978,ARS,ETH,smooth_12,delay_only
1.55,0.0133333315556,0.5484,0.0623159752828,ARS,ETH,smooth_12,delay_only
1.575,0.0199999973333,0.5268,0.0607684028731,ARS,ETH,smooth_12,delay_only
1.6,0.0266666631111,0.50655,0.0596098790262,ARS,ETH,smooth_12,delay_only
1.625,0.0333333288889,0.48425,0.0575012826842,ARS,ETH,smooth_12,delay_only
1.65,0.0399999946667,0.46455,0.0617566469871,ARS,ETH,smooth_12,delay_only
1.675,0.0466666604444,0.43725,0.0594369120911,ARS,ETH,smooth_12,delay_only
1.7,0.0533333262222,0.4224,0.057900422127,ARS,ETH,smooth_12,delay_only
1.725,0.059999992,0.41705,0.0551722448213,ARS,ETH,smooth_12,delay_only
1.75,0.0666666577778,0.41275,0.0524024343688,ARS,ETH,smooth_12,delay_only
1.775,0.0633333248889,0.40605,0.0502467182206,ARS,ETH,smooth_12,delay_only
1.8,0.059999992,0.402,0.0474485016193,ARS,ETH,smooth_12,delay_only
1.825,0.0566666591111,0.39655,0.0447668515775,ARS,ETH,smooth_12,delay_only
1.85,0.0533333262222,0.38185,0.0430115983694,ARS,ETH,smooth_12,delay_only
1.875,0.0499999933333,0.37715,0.0404504277871,ARS,ETH,smooth_12,delay_only
1.9,0.0466666604444,0.36195,0.0383952295577,ARS,ETH,smooth_12,delay_only
1.925,0.0433333275556,0.3573,0.0360302480909,ARS,ETH,smooth_12,delay_only
1.95,0.0399999946667,0.3405,0.0317997298872,ARS,ETH,smooth_12,delay_only
1.975,0.0366666617778,0.3355,0.0296238944182,ARS,ETH,smooth_12,delay_only
2,0.0333333288889,0.3313,0.0275457901141,ARS,ETH,smooth_12,delay_only
2.025,0.029999996,0.3266,0.025545128173,ARS,ETH,smooth_12,delay_only
2.05,0.0266666631111,0.32165,0.0238851678039,ARS,ETH,smooth_12,delay_only
2.075,0.0233333302222,0.31775,0.0220499801208,ARS,ETH,smooth_12,delay_only
2.1,0.0199999973333,0.31255,0.0166537473008,ARS,ETH,smooth_12,delay_only
2.125,0.0166666644444,0.2966,0.0161187513451,ARS,ETH,smooth_12,delay_only
2.15,0.0133333315556,0.2904,0.0148405266081,ARS,ETH,smooth_12,delay_only
2.175,0.00999999866667,0.2876,0.0135447558989,ARS,ETH,smooth_12,delay_only
2.2,0.00666666577778,0.28295,0.0127297114489,ARS,ETH,smooth_12,delay_only
2.225,0.00333333288889,0.26425,0.0120278998136,ARS,ETH,smooth_12,delay_only
2.25,6.66666577778e-08,0.24005,0.0112360556682,ARS,ETH,smooth_12,delay_only
1.5,6.66666577778e-08,0.57795,0.0556115265791,ARS,ETH,smooth_12,haircut_only
1.525,0.00666666577778,0.5544,0.0530687701934,ARS,ETH,smooth_12,haircut_only
1.55,0.0133333315556,0.5484,0.0503717046278,ARS,ETH,smooth_12,haircut_only
1.575,0.0199999973333,0.5268,0.0482540213017,ARS,ETH,smooth_12,haircut_only
1.6,0.0266666631111,0.50655,0.0467927229082,ARS,ETH,smooth_12,haircut_only
1.625,0.0333333288889,0.48425,0.0441814756135,ARS,ETH,smooth_12,haircut_only
1.65,0.0399999946667,0.46455,0.0475745074466,ARS,ETH,smooth_12,haircut_only
1.675,0.0466666604444,0.43725,0.0448023810241,ARS,ETH,smooth_12,haircut_only
1.7,0.0533333262222,0.4224,0.0425033267112,ARS,ETH,smooth_12,haircut_only
1.725,0.059999992,0.41705,0.0392688357138,ARS,ETH,smooth_12,haircut_only
1.75,0.0666666577778,0.41275,0.0360613319944,ARS,ETH,smooth_12,haircut_only
1.775,0.0633333248889,0.40605,0.0334733974514,ARS,ETH,smooth_12,haircut_only
1.8,0.059999992,0.402,0.0302588960447,ARS,ETH,smooth_12,haircut_only
1.825,0.0566666591111,0.39655,0.0273850576683,ARS,ETH,smooth_12,haircut_only
1.85,0.0533333262222,0.38185,0.0257638547265,ARS,ETH,smooth_12,haircut_only
1.875,0.0499999933333,0.37715,0.023577293589,ARS,ETH,smooth_12,haircut_only
1.9,0.0466666604444,0.36195,0.0221352643197,ARS,ETH,smooth_12,haircut_only
1.925,0.0433333275556,0.3573,0.0202259493562,ARS,ETH,smooth_12,haircut_only
1.95,0.0399999946667,0.3405,0.0250117569688,ARS,ETH,smooth_12,haircut_only
1.975,0.0366666617778,0.3355,0.0227376165412,ARS,ETH,smooth_12,haircut_only
2,0.0333333288889,0.3313,0.0209135524218,ARS,ETH,smooth_12,haircut_only
2.025,0.029999996,0.3266,0.0190237443563,ARS,ETH,smooth_12,haircut_only
2.05,0.0266666631111,0.32165,0.0172045084356,ARS,ETH,smooth_12,haircut_only
2.075,0.0233333302222,0.31775,0.0154755313508,ARS,ETH,smooth_12,haircut_only
2.1,0.0199999973333,0.31255,0.019080506083,ARS,ETH,smooth_12,haircut_only
2.125,0.0166666644444,0.2966,0.0178787937719,ARS,ETH,smooth_12,haircut_only
2.15,0.0133333315556,0.2904,0.0163594767636,ARS,ETH,smooth_12,haircut_only
2.175,0.00999999866667,0.2876,0.0149762179982,ARS,ETH,smooth_12,haircut_only
2.2,0.00666666577778,0.28295,0.0135938768035,ARS,ETH,smooth_12,haircut_only
2.225,0.00333333288889,0.26425,0.012540682796,ARS,ETH,smooth_12,haircut_only
2.25,6.66666577778e-08,0.24005,0.0116617246054,ARS,ETH,smooth_12,haircut_only
1.5,6.66666577778e-08,0.57795,0.081322935297,ARS,ETH,smooth_12,delayed_stress
1.525,0.00666666577778,0.5544,0.079199923405,ARS,ETH,smooth_12,delayed_stress
1.55,0.0133333315556,0.5484,0.0764695701183,ARS,ETH,smooth_12,delayed_stress
1.575,0.0199999973333,0.5268,0.0752538681644,ARS,ETH,smooth_12,delayed_stress
1.6,0.0266666631111,0.50655,0.0742373195517,ARS,ETH,smooth_12,delayed_stress
1.625,0.0333333288889,0.48425,0.0723146422902,ARS,ETH,smooth_12,delayed_stress
1.65,0.0399999946667,0.46455,0.0758592027856,ARS,ETH,smooth_12,delayed_stress
1.675,0.0466666604444,0.43725,0.0735320108386,ARS,ETH,smooth_12,delayed_stress
1.7,0.0533333262222,0.4224,0.0720613499642,ARS,ETH,smooth_12,delayed_stress
1.725,0.059999992,0.41705,0.0692451071129,ARS,ETH,smooth_12,delayed_stress
1.75,0.0666666577778,0.41275,0.0663355076975,ARS,ETH,smooth_12,delayed_stress
1.775,0.0633333248889,0.40605,0.0643136240599,ARS,ETH,smooth_12,delayed_stress
1.8,0.059999992,0.402,0.0613938184358,ARS,ETH,smooth_12,delayed_stress
1.825,0.0566666591111,0.39655,0.0586028958661,ARS,ETH,smooth_12,delayed_stress
1.85,0.0533333262222,0.38185,0.0570001894109,ARS,ETH,smooth_12,delayed_stress
1.875,0.0499999933333,0.37715,0.0542229780168,ARS,ETH,smooth_12,delayed_stress
1.9,0.0466666604444,0.36195,0.0519342885828,ARS,ETH,smooth_12,delayed_stress
1.925,0.0433333275556,0.3573,0.0488551588657,ARS,ETH,smooth_12,delayed_stress
1.95,0.0399999946667,0.3405,0.0437513666836,ARS,ETH,smooth_12,delayed_stress
1.975,0.0366666617778,0.3355,0.0411175999756,ARS,ETH,smooth_12,delayed_stress
2,0.0333333288889,0.3313,0.0384782204968,ARS,ETH,smooth_12,delayed_stress
2.025,0.029999996,0.3266,0.0361743348194,ARS,ETH,smooth_12,delayed_stress
2.05,0.0266666631111,0.32165,0.033125095447,ARS,ETH,smooth_12,delayed_stress
2.075,0.0233333302222,0.31775,0.031250164583,ARS,ETH,smooth_12,delayed_stress
2.1,0.0199999973333,0.31255,0.0265307168973,ARS,ETH,smooth_12,delayed_stress
2.125,0.0166666644444,0.2966,0.0259762321906,ARS,ETH,smooth_12,delayed_stress
2.15,0.0133333315556,0.2904,0.0242674867256,ARS,ETH,smooth_12,delayed_stress
2.175,0.00999999866667,0.2876,0.0224978124468,ARS,ETH,smooth_12,delayed_stress
2.2,0.00666666577778,0.28295,0.0210400811519,ARS,ETH,smooth_12,delayed_stress
2.225,0.00333333288889,0.26425,0.0200077817288,ARS,ETH,smooth_12,delayed_stress
2.25,6.66666577778e-08,0.24005,0.0188462034233,ARS,ETH,smooth_12,delayed_stress
1.5,6.66666577778e-08,0.55315,0.0366463005246,ARS,ETH,partial_adjust,timely
1.525,0.00666666577778,0.51125,0.0344433776874,ARS,ETH,partial_adjust,timely
1.55,0.0133333315556,0.50565,0.0314810031579,ARS,ETH,partial_adjust,timely
1.575,0.0199999973333,0.49985,0.028599163477,ARS,ETH,partial_adjust,timely
1.6,0.0266666631111,0.4684,0.0278139363315,ARS,ETH,partial_adjust,timely
1.625,0.0333333288889,0.44495,0.0263478566911,ARS,ETH,partial_adjust,timely
1.65,0.0399999946667,0.42895,0.0293619149799,ARS,ETH,partial_adjust,timely
1.675,0.0466666604444,0.40195,0.0272795033482,ARS,ETH,partial_adjust,timely
1.7,0.0533333262222,0.3969,0.0250152765104,ARS,ETH,partial_adjust,timely
1.725,0.059999992,0.3926,0.0233279755992,ARS,ETH,partial_adjust,timely
1.75,0.0666666577778,0.37545,0.0221824385379,ARS,ETH,partial_adjust,timely
1.775,0.0633333248889,0.37065,0.0201853514585,ARS,ETH,partial_adjust,timely
1.8,0.059999992,0.36555,0.0182025372561,ARS,ETH,partial_adjust,timely
1.825,0.0566666591111,0.36215,0.0160905004917,ARS,ETH,partial_adjust,timely
1.85,0.0533333262222,0.3575,0.0145209112788,ARS,ETH,partial_adjust,timely
1.875,0.0499999933333,0.35285,0.012793345343,ARS,ETH,partial_adjust,timely
1.9,0.0466666604444,0.32435,0.016398603163,ARS,ETH,partial_adjust,timely
1.925,0.0433333275556,0.3166,0.0146704541922,ARS,ETH,partial_adjust,timely
1.95,0.0399999946667,0.31255,0.0129614016362,ARS,ETH,partial_adjust,timely
1.975,0.0366666617778,0.3074,0.0114339415586,ARS,ETH,partial_adjust,timely
2,0.0333333288889,0.3034,0.0100750187812,ARS,ETH,partial_adjust,timely
2.025,0.029999996,0.29875,0.00881722108814,ARS,ETH,partial_adjust,timely
2.05,0.0266666631111,0.29535,0.00761091123455,ARS,ETH,partial_adjust,timely
2.075,0.0233333302222,0.2904,0.00673531671371,ARS,ETH,partial_adjust,timely
2.1,0.0199999973333,0.2866,0.00863694278641,ARS,ETH,partial_adjust,timely
2.125,0.0166666644444,0.27075,0.00754969081869,ARS,ETH,partial_adjust,timely
2.15,0.0133333315556,0.26775,0.00638844768354,ARS,ETH,partial_adjust,timely
2.175,0.00999999866667,0.2651,0.0055012224162,ARS,ETH,partial_adjust,timely
2.2,0.00666666577778,0.2623,0.00465869191015,ARS,ETH,partial_adjust,timely
2.225,0.00333333288889,0.24285,0.00394047633023,ARS,ETH,partial_adjust,timely
2.25,6.66666577778e-08,0.2193,0.00321333941353,ARS,ETH,partial_adjust,timely
1.5,6.66666577778e-08,0.55315,0.0592740685496,ARS,ETH,partial_adjust,delay_only
1.525,0.00666666577778,0.51125,0.0576542337435,ARS,ETH,partial_adjust,delay_only
1.55,0.0133333315556,0.50565,0.0548319196294,ARS,ETH,partial_adjust,delay_only
1.575,0.0199999973333,0.49985,0.0521674947186,ARS,ETH,partial_adjust,delay_only
1.6,0.0266666631111,0.4684,0.0522107303597,ARS,ETH,partial_adjust,delay_only
1.625,0.0333333288889,0.44495,0.0502108200902,ARS,ETH,partial_adjust,delay_only
1.65,0.0399999946667,0.42895,0.054299246954,ARS,ETH,partial_adjust,delay_only
1.675,0.0466666604444,0.40195,0.0520304845457,ARS,ETH,partial_adjust,delay_only
1.7,0.0533333262222,0.3969,0.0494098407237,ARS,ETH,partial_adjust,delay_only
1.725,0.059999992,0.3926,0.0473070321252,ARS,ETH,partial_adjust,delay_only
1.75,0.0666666577778,0.37545,0.0460590673628,ARS,ETH,partial_adjust,delay_only
1.775,0.0633333248889,0.37065,0.0436150394089,ARS,ETH,partial_adjust,delay_only
1.8,0.059999992,0.36555,0.0409170334885,ARS,ETH,partial_adjust,delay_only
1.825,0.0566666591111,0.36215,0.0382445057061,ARS,ETH,partial_adjust,delay_only
1.85,0.0533333262222,0.3575,0.0356382617592,ARS,ETH,partial_adjust,delay_only
1.875,0.0499999933333,0.35285,0.0332229474396,ARS,ETH,partial_adjust,delay_only
1.9,0.0466666604444,0.32435,0.0301483099998,ARS,ETH,partial_adjust,delay_only
1.925,0.0433333275556,0.3166,0.0281856049808,ARS,ETH,partial_adjust,delay_only
1.95,0.0399999946667,0.31255,0.0261629055128,ARS,ETH,partial_adjust,delay_only
1.975,0.0366666617778,0.3074,0.0241921168914,ARS,ETH,partial_adjust,delay_only
2,0.0333333288889,0.3034,0.0221875657115,ARS,ETH,partial_adjust,delay_only
2.025,0.029999996,0.29875,0.0204318800865,ARS,ETH,partial_adjust,delay_only
2.05,0.0266666631111,0.29535,0.0188851812689,ARS,ETH,partial_adjust,delay_only
2.075,0.0233333302222,0.2904,0.0173520436106,ARS,ETH,partial_adjust,delay_only
2.1,0.0199999973333,0.2866,0.0118467043668,ARS,ETH,partial_adjust,delay_only
2.125,0.0166666644444,0.27075,0.0112728186271,ARS,ETH,partial_adjust,delay_only
2.15,0.0133333315556,0.26775,0.0103511762314,ARS,ETH,partial_adjust,delay_only
2.175,0.00999999866667,0.2651,0.00953700420842,ARS,ETH,partial_adjust,delay_only
2.2,0.00666666577778,0.2623,0.00903894802316,ARS,ETH,partial_adjust,delay_only
2.225,0.00333333288889,0.24285,0.0084496597829,ARS,ETH,partial_adjust,delay_only
2.25,6.66666577778e-08,0.2193,0.00770495100529,ARS,ETH,partial_adjust,delay_only
1.5,6.66666577778e-08,0.55315,0.0501769334018,ARS,ETH,partial_adjust,haircut_only
1.525,0.00666666577778,0.51125,0.0483609090276,ARS,ETH,partial_adjust,haircut_only
1.55,0.0133333315556,0.50565,0.0454798721941,ARS,ETH,partial_adjust,haircut_only
1.575,0.0199999973333,0.49985,0.0426830608194,ARS,ETH,partial_adjust,haircut_only
1.6,0.0266666631111,0.4684,0.0422551393132,ARS,ETH,partial_adjust,haircut_only
1.625,0.0333333288889,0.44495,0.0398814064733,ARS,ETH,partial_adjust,haircut_only
1.65,0.0399999946667,0.42895,0.043274196029,ARS,ETH,partial_adjust,haircut_only
1.675,0.0466666604444,0.40195,0.0402399986324,ARS,ETH,partial_adjust,haircut_only
1.7,0.0533333262222,0.3969,0.0369562502844,ARS,ETH,partial_adjust,haircut_only
1.725,0.059999992,0.3926,0.0344345412209,ARS,ETH,partial_adjust,haircut_only
1.75,0.0666666577778,0.37545,0.0329205125302,ARS,ETH,partial_adjust,haircut_only
1.775,0.0633333248889,0.37065,0.0305834240886,ARS,ETH,partial_adjust,haircut_only
1.8,0.059999992,0.36555,0.0283240686363,ARS,ETH,partial_adjust,haircut_only
1.825,0.0566666591111,0.36215,0.0258927174691,ARS,ETH,partial_adjust,haircut_only
1.85,0.0533333262222,0.3575,0.0236768666553,ARS,ETH,partial_adjust,haircut_only
1.875,0.0499999933333,0.35285,0.0212384360406,ARS,ETH,partial_adjust,haircut_only
1.9,0.0466666604444,0.32435,0.0266018051827,ARS,ETH,partial_adjust,haircut_only
1.925,0.0433333275556,0.3166,0.0242216817746,ARS,ETH,partial_adjust,haircut_only
1.95,0.0399999946667,0.31255,0.0219995314121,ARS,ETH,partial_adjust,haircut_only
1.975,0.0366666617778,0.3074,0.0197930992899,ARS,ETH,partial_adjust,haircut_only
2,0.0333333288889,0.3034,0.0179640935035,ARS,ETH,partial_adjust,haircut_only
2.025,0.029999996,0.29875,0.0162550349349,ARS,ETH,partial_adjust,haircut_only
2.05,0.0266666631111,0.29535,0.0145042681937,ARS,ETH,partial_adjust,haircut_only
2.075,0.0233333302222,0.2904,0.0129766958938,ARS,ETH,partial_adjust,haircut_only
2.1,0.0199999973333,0.2866,0.0161429039128,ARS,ETH,partial_adjust,haircut_only
2.125,0.0166666644444,0.27075,0.0150392828746,ARS,ETH,partial_adjust,haircut_only
2.15,0.0133333315556,0.26775,0.0136902618525,ARS,ETH,partial_adjust,haircut_only
2.175,0.00999999866667,0.2651,0.0123761852871,ARS,ETH,partial_adjust,haircut_only
2.2,0.00666666577778,0.2623,0.0111625025655,ARS,ETH,partial_adjust,haircut_only
2.225,0.00333333288889,0.24285,0.0103385696508,ARS,ETH,partial_adjust,haircut_only
2.25,6.66666577778e-08,0.2193,0.00962844554155,ARS,ETH,partial_adjust,haircut_only
1.5,6.66666577778e-08,0.55315,0.0724074613893,ARS,ETH,partial_adjust,delayed_stress
1.525,0.00666666577778,0.51125,0.0709937467483,ARS,ETH,partial_adjust,delayed_stress
1.55,0.0133333315556,0.50565,0.0680669357194,ARS,ETH,partial_adjust,delayed_stress
1.575,0.0199999973333,0.49985,0.0652605971818,ARS,ETH,partial_adjust,delayed_stress
1.6,0.0266666631111,0.4684,0.0656744287347,ARS,ETH,partial_adjust,delayed_stress
1.625,0.0333333288889,0.44495,0.0634936541848,ARS,ETH,partial_adjust,delayed_stress
1.65,0.0399999946667,0.42895,0.0668546155337,ARS,ETH,partial_adjust,delayed_stress
1.675,0.0466666604444,0.40195,0.0645542901528,ARS,ETH,partial_adjust,delayed_stress
1.7,0.0533333262222,0.3969,0.061810287968,ARS,ETH,partial_adjust,delayed_stress
1.725,0.059999992,0.3926,0.0598213696709,ARS,ETH,partial_adjust,delayed_stress
1.75,0.0666666577778,0.37545,0.0587667884273,ARS,ETH,partial_adjust,delayed_stress
1.775,0.0633333248889,0.37065,0.0562954331653,ARS,ETH,partial_adjust,delayed_stress
1.8,0.059999992,0.36555,0.0535541750167,ARS,ETH,partial_adjust,delayed_stress
1.825,0.0566666591111,0.36215,0.0508675335593,ARS,ETH,partial_adjust,delayed_stress
1.85,0.0533333262222,0.3575,0.0482525310441,ARS,ETH,partial_adjust,delayed_stress
1.875,0.0499999933333,0.35285,0.045481286278,ARS,ETH,partial_adjust,delayed_stress
1.9,0.0466666604444,0.32435,0.041846776,ARS,ETH,partial_adjust,delayed_stress
1.925,0.0433333275556,0.3166,0.0392248136838,ARS,ETH,partial_adjust,delayed_stress
1.95,0.0399999946667,0.31255,0.0367642749419,ARS,ETH,partial_adjust,delayed_stress
1.975,0.0366666617778,0.3074,0.0344170814743,ARS,ETH,partial_adjust,delayed_stress
2,0.0333333288889,0.3034,0.032039008021,ARS,ETH,partial_adjust,delayed_stress
2.025,0.029999996,0.29875,0.0300713875851,ARS,ETH,partial_adjust,delayed_stress
2.05,0.0266666631111,0.29535,0.0271379255817,ARS,ETH,partial_adjust,delayed_stress
2.075,0.0233333302222,0.2904,0.025521535424,ARS,ETH,partial_adjust,delayed_stress
2.1,0.0199999973333,0.2866,0.0204099925759,ARS,ETH,partial_adjust,delayed_stress
2.125,0.0166666644444,0.27075,0.0196984387878,ARS,ETH,partial_adjust,delayed_stress
2.15,0.0133333315556,0.26775,0.0180798549184,ARS,ETH,partial_adjust,delayed_stress
2.175,0.00999999866667,0.2651,0.0165144804562,ARS,ETH,partial_adjust,delayed_stress
2.2,0.00666666577778,0.2623,0.0156402326833,ARS,ETH,partial_adjust,delayed_stress
2.225,0.00333333288889,0.24285,0.0150079393417,ARS,ETH,partial_adjust,delayed_stress
2.25,6.66666577778e-08,0.2193,0.0141184570858,ARS,ETH,partial_adjust,delayed_stress
1.5,6.66666577778e-08,0.5771,0.0408547177187,ARS,ETH,lower_cap,timely
1.525,0.00666666577778,0.5532,0.0382305636089,ARS,ETH,lower_cap,timely
1.55,0.0133333315556,0.54695,0.0354531073732,ARS,ETH,lower_cap,timely
1.575,0.0199999973333,0.52435,0.0329296729605,ARS,ETH,lower_cap,timely
1.6,0.0266666631111,0.5039,0.0311218481282,ARS,ETH,lower_cap,timely
1.625,0.0333333288889,0.48185,0.0287973356184,ARS,ETH,lower_cap,timely
1.65,0.0399999946667,0.46165,0.0311604126864,ARS,ETH,lower_cap,timely
1.675,0.0466666604444,0.43575,0.0285527957599,ARS,ETH,lower_cap,timely
1.7,0.0533333262222,0.42085,0.0269141383956,ARS,ETH,lower_cap,timely
1.725,0.059999992,0.41555,0.024601991679,ARS,ETH,lower_cap,timely
1.75,0.0666666577778,0.4105,0.0225829388571,ARS,ETH,lower_cap,timely
1.775,0.0633333248889,0.40435,0.0209877461669,ARS,ETH,lower_cap,timely
1.8,0.059999992,0.39965,0.0189462869675,ARS,ETH,lower_cap,timely
1.825,0.0566666591111,0.39345,0.0169386031757,ARS,ETH,lower_cap,timely
1.85,0.0533333262222,0.37975,0.0158610680434,ARS,ETH,lower_cap,timely
1.875,0.0499999933333,0.3749,0.0142443519621,ARS,ETH,lower_cap,timely
1.9,0.0466666604444,0.3599,0.0131620626272,ARS,ETH,lower_cap,timely
1.925,0.0433333275556,0.35575,0.0118546785968,ARS,ETH,lower_cap,timely
1.95,0.0399999946667,0.3394,0.0149776438603,ARS,ETH,lower_cap,timely
1.975,0.0366666617778,0.3327,0.0132269315043,ARS,ETH,lower_cap,timely
2,0.0333333288889,0.3278,0.0117768884254,ARS,ETH,lower_cap,timely
2.025,0.029999996,0.32415,0.0104596736765,ARS,ETH,lower_cap,timely
2.05,0.0266666631111,0.3202,0.00917718911895,ARS,ETH,lower_cap,timely
2.075,0.0233333302222,0.3156,0.00817959052877,ARS,ETH,lower_cap,timely
2.1,0.0199999973333,0.3102,0.0106328988599,ARS,ETH,lower_cap,timely
2.125,0.0166666644444,0.29505,0.00948728885468,ARS,ETH,lower_cap,timely
2.15,0.0133333315556,0.2885,0.00824920259032,ARS,ETH,lower_cap,timely
2.175,0.00999999866667,0.2855,0.00732250721746,ARS,ETH,lower_cap,timely
2.2,0.00666666577778,0.2813,0.0063811677542,ARS,ETH,lower_cap,timely
2.225,0.00333333288889,0.26205,0.00553810478394,ARS,ETH,lower_cap,timely
2.25,6.66666577778e-08,0.23815,0.0046724386261,ARS,ETH,lower_cap,timely
1.5,6.66666577778e-08,0.5771,0.0668853357845,ARS,ETH,lower_cap,delay_only
1.525,0.00666666577778,0.5532,0.0647029683808,ARS,ETH,lower_cap,delay_only
1.55,0.0133333315556,0.54695,0.0621379416578,ARS,ETH,lower_cap,delay_only
1.575,0.0199999973333,0.52435,0.060528934586,ARS,ETH,lower_cap,delay_only
1.6,0.0266666631111,0.5039,0.0592023527118,ARS,ETH,lower_cap,delay_only
1.625,0.0333333288889,0.48185,0.0572178091481,ARS,ETH,lower_cap,delay_only
1.65,0.0399999946667,0.46165,0.0616623109535,ARS,ETH,lower_cap,delay_only
1.675,0.0466666604444,0.43575,0.0592293631051,ARS,ETH,lower_cap,delay_only
1.7,0.0533333262222,0.42085,0.057535039196,ARS,ETH,lower_cap,delay_only
1.725,0.059999992,0.41555,0.0548037656486,ARS,ETH,lower_cap,delay_only
1.75,0.0666666577778,0.4105,0.0522602663251,ARS,ETH,lower_cap,delay_only
1.775,0.0633333248889,0.40435,0.0500012421894,ARS,ETH,lower_cap,delay_only
1.8,0.059999992,0.39965,0.0472295016242,ARS,ETH,lower_cap,delay_only
1.825,0.0566666591111,0.39345,0.0445394731214,ARS,ETH,lower_cap,delay_only
1.85,0.0533333262222,0.37975,0.0426966461474,ARS,ETH,lower_cap,delay_only
1.875,0.0499999933333,0.3749,0.0401314340103,ARS,ETH,lower_cap,delay_only
1.9,0.0466666604444,0.3599,0.0382321283779,ARS,ETH,lower_cap,delay_only
1.925,0.0433333275556,0.35575,0.0359319915742,ARS,ETH,lower_cap,delay_only
1.95,0.0399999946667,0.3394,0.0315071062066,ARS,ETH,lower_cap,delay_only
1.975,0.0366666617778,0.3327,0.0294046215376,ARS,ETH,lower_cap,delay_only
2,0.0333333288889,0.3278,0.027332371765,ARS,ETH,lower_cap,delay_only
2.025,0.029999996,0.32415,0.0253920752006,ARS,ETH,lower_cap,delay_only
2.05,0.0266666631111,0.3202,0.0236052616154,ARS,ETH,lower_cap,delay_only
2.075,0.0233333302222,0.3156,0.0217331221004,ARS,ETH,lower_cap,delay_only
2.1,0.0199999973333,0.3102,0.0163785115163,ARS,ETH,lower_cap,delay_only
2.125,0.0166666644444,0.29505,0.0158927932925,ARS,ETH,lower_cap,delay_only
2.15,0.0133333315556,0.2885,0.014620125952,ARS,ETH,lower_cap,delay_only
2.175,0.00999999866667,0.2855,0.0133428614355,ARS,ETH,lower_cap,delay_only
2.2,0.00666666577778,0.2813,0.0126295609884,ARS,ETH,lower_cap,delay_only
2.225,0.00333333288889,0.26205,0.011960308566,ARS,ETH,lower_cap,delay_only
2.25,6.66666577778e-08,0.23815,0.0111753566757,ARS,ETH,lower_cap,delay_only
1.5,6.66666577778e-08,0.5771,0.0553193080917,ARS,ETH,lower_cap,haircut_only
1.525,0.00666666577778,0.5532,0.0528708355895,ARS,ETH,lower_cap,haircut_only
1.55,0.0133333315556,0.54695,0.0502080430124,ARS,ETH,lower_cap,haircut_only
1.575,0.0199999973333,0.52435,0.0479981398797,ARS,ETH,lower_cap,haircut_only
1.6,0.0266666631111,0.5039,0.0464769131943,ARS,ETH,lower_cap,haircut_only
1.625,0.0333333288889,0.48185,0.0439693624576,ARS,ETH,lower_cap,haircut_only
1.65,0.0399999946667,0.46165,0.0475292001773,ARS,ETH,lower_cap,haircut_only
1.675,0.0466666604444,0.43575,0.0446266268969,ARS,ETH,lower_cap,haircut_only
1.7,0.0533333262222,0.42085,0.0421676607248,ARS,ETH,lower_cap,haircut_only
1.725,0.059999992,0.41555,0.038851741111,ARS,ETH,lower_cap,haircut_only
1.75,0.0666666577778,0.4105,0.0358526751176,ARS,ETH,lower_cap,haircut_only
1.775,0.0633333248889,0.40435,0.0333261462084,ARS,ETH,lower_cap,haircut_only
1.8,0.059999992,0.39965,0.0302548928074,ARS,ETH,lower_cap,haircut_only
1.825,0.0566666591111,0.39345,0.0272372145599,ARS,ETH,lower_cap,haircut_only
1.85,0.0533333262222,0.37975,0.0254385324819,ARS,ETH,lower_cap,haircut_only
1.875,0.0499999933333,0.3749,0.0232086445851,ARS,ETH,lower_cap,haircut_only
1.9,0.0466666604444,0.3599,0.0219476892502,ARS,ETH,lower_cap,haircut_only
1.925,0.0433333275556,0.35575,0.0200649165748,ARS,ETH,lower_cap,haircut_only
1.95,0.0399999946667,0.3394,0.0248022271423,ARS,ETH,lower_cap,haircut_only
1.975,0.0366666617778,0.3327,0.0225572703539,ARS,ETH,lower_cap,haircut_only
2,0.0333333288889,0.3278,0.0206893875927,ARS,ETH,lower_cap,haircut_only
2.025,0.029999996,0.32415,0.018935684018,ARS,ETH,lower_cap,haircut_only
2.05,0.0266666631111,0.3202,0.0170669988169,ARS,ETH,lower_cap,haircut_only
2.075,0.0233333302222,0.3156,0.015309630369,ARS,ETH,lower_cap,haircut_only
2.1,0.0199999973333,0.3102,0.0189878423385,ARS,ETH,lower_cap,haircut_only
2.125,0.0166666644444,0.29505,0.0178064995735,ARS,ETH,lower_cap,haircut_only
2.15,0.0133333315556,0.2885,0.0162773495251,ARS,ETH,lower_cap,haircut_only
2.175,0.00999999866667,0.2855,0.0148894465106,ARS,ETH,lower_cap,haircut_only
2.2,0.00666666577778,0.2813,0.0134825584129,ARS,ETH,lower_cap,haircut_only
2.225,0.00333333288889,0.26205,0.0124524368317,ARS,ETH,lower_cap,haircut_only
2.25,6.66666577778e-08,0.23815,0.0115892104348,ARS,ETH,lower_cap,haircut_only
1.5,6.66666577778e-08,0.5771,0.0809133004345,ARS,ETH,lower_cap,delayed_stress
1.525,0.00666666577778,0.5532,0.0787887952456,ARS,ETH,lower_cap,delayed_stress
1.55,0.0133333315556,0.54695,0.0762092873855,ARS,ETH,lower_cap,delayed_stress
1.575,0.0199999973333,0.52435,0.0748992486941,ARS,ETH,lower_cap,delayed_stress
1.6,0.0266666631111,0.5039,0.0736817409011,ARS,ETH,lower_cap,delayed_stress
1.625,0.0333333288889,0.48185,0.0718827323871,ARS,ETH,lower_cap,delayed_stress
1.65,0.0399999946667,0.46165,0.075646385552,ARS,ETH,lower_cap,delayed_stress
1.675,0.0466666604444,0.43575,0.0732121288974,ARS,ETH,lower_cap,delayed_stress
1.7,0.0533333262222,0.42085,0.071564099654,ARS,ETH,lower_cap,delayed_stress
1.725,0.059999992,0.41555,0.0687258024826,ARS,ETH,lower_cap,delayed_stress
1.75,0.0666666577778,0.4105,0.0661104099364,ARS,ETH,lower_cap,delayed_stress
1.775,0.0633333248889,0.40435,0.0639336007382,ARS,ETH,lower_cap,delayed_stress
1.8,0.059999992,0.39965,0.0610542623348,ARS,ETH,lower_cap,delayed_stress
1.825,0.0566666591111,0.39345,0.0582670796679,ARS,ETH,lower_cap,delayed_stress
1.85,0.0533333262222,0.37975,0.0565255067427,ARS,ETH,lower_cap,delayed_stress
1.875,0.0499999933333,0.3749,0.053746309327,ARS,ETH,lower_cap,delayed_stress
1.9,0.0466666604444,0.3599,0.0516610596546,ARS,ETH,lower_cap,delayed_stress
1.925,0.0433333275556,0.35575,0.0486920764015,ARS,ETH,lower_cap,delayed_stress
1.95,0.0399999946667,0.3394,0.0433470948979,ARS,ETH,lower_cap,delayed_stress
1.975,0.0366666617778,0.3327,0.0408529637692,ARS,ETH,lower_cap,delayed_stress
2,0.0333333288889,0.3278,0.0381806800509,ARS,ETH,lower_cap,delayed_stress
2.025,0.029999996,0.32415,0.0359788677459,ARS,ETH,lower_cap,delayed_stress
2.05,0.0266666631111,0.3202,0.0327700134078,ARS,ETH,lower_cap,delayed_stress
2.075,0.0233333302222,0.3156,0.0308681640042,ARS,ETH,lower_cap,delayed_stress
2.1,0.0199999973333,0.3102,0.0261891518373,ARS,ETH,lower_cap,delayed_stress
2.125,0.0166666644444,0.29505,0.0256827014958,ARS,ETH,lower_cap,delayed_stress
2.15,0.0133333315556,0.2885,0.023942940371,ARS,ETH,lower_cap,delayed_stress
2.175,0.00999999866667,0.2855,0.0222103501766,ARS,ETH,lower_cap,delayed_stress
2.2,0.00666666577778,0.2813,0.020814665658,ARS,ETH,lower_cap,delayed_stress
2.225,0.00333333288889,0.26205,0.0198477613378,ARS,ETH,lower_cap,delayed_stress
2.25,6.66666577778e-08,0.23815,0.0186850537913,ARS,ETH,lower_cap,delayed_stress
1.5,6.66666577778e-08,0.6441,0.0149975837879,ARS,BTC,static_20,timely
1.525,0.00666666577778,0.60095,0.0128823034276,ARS,BTC,static_20,timely
1.55,0.0133333315556,0.58485,0.0113829755827,ARS,BTC,static_20,timely
1.575,0.0199999973333,0.5625,0.00961136470672,ARS,BTC,static_20,timely
1.6,0.0266666631111,0.5553,0.00776986200837,ARS,BTC,static_20,timely
1.625,0.0333333288889,0.5319,0.00603768983802,ARS,BTC,static_20,timely
1.65,0.0399999946667,0.504,0.00515798848009,ARS,BTC,static_20,timely
1.675,0.0466666604444,0.48005,0.00548059655771,ARS,BTC,static_20,timely
1.7,0.0533333262222,0.47255,0.00462882995601,ARS,BTC,static_20,timely
1.725,0.059999992,0.46525,0.00398751944183,ARS,BTC,static_20,timely
1.75,0.0666666577778,0.46,0.0035074516279,ARS,BTC,static_20,timely
1.775,0.0633333248889,0.4526,0.00517590535091,ARS,BTC,static_20,timely
1.8,0.059999992,0.4216,0.00440001797537,ARS,BTC,static_20,timely
1.825,0.0566666591111,0.4131,0.00349431652586,ARS,BTC,static_20,timely
1.85,0.0533333262222,0.39725,0.00365262808342,ARS,BTC,static_20,timely
1.875,0.0499999933333,0.39175,0.00237578518434,ARS,BTC,static_20,timely
1.9,0.0466666604444,0.38775,0.0014866835322,ARS,BTC,static_20,timely
1.925,0.0433333275556,0.38365,0.000630294735987,ARS,BTC,static_20,timely
1.95,0.0399999946667,0.3784,0.000142017158069,ARS,BTC,static_20,timely
1.975,0.0366666617778,0.37335,0.00010351172618,ARS,BTC,static_20,timely
2,0.0333333288889,0.3667,7.22423557143e-05,ARS,BTC,static_20,timely
2.025,0.029999996,0.36205,3.46126048722e-05,ARS,BTC,static_20,timely
2.05,0.0266666631111,0.3402,8.13931471114e-06,ARS,BTC,static_20,timely
2.075,0.0233333302222,0.31755,1.87681048279e-06,ARS,BTC,static_20,timely
2.1,0.0199999973333,0.30005,3.53494584935e-07,ARS,BTC,static_20,timely
2.125,0.0166666644444,0.2838,9.4688689699e-06,ARS,BTC,static_20,timely
2.15,0.0133333315556,0.27925,0,ARS,BTC,static_20,timely
2.175,0.00999999866667,0.27545,1.81837163039e-07,ARS,BTC,static_20,timely
2.2,0.00666666577778,0.26925,0,ARS,BTC,static_20,timely
2.225,0.00333333288889,0.25445,0,ARS,BTC,static_20,timely
2.25,6.66666577778e-08,0.2505,0,ARS,BTC,static_20,timely
1.5,6.66666577778e-08,0.6441,0.0457028619727,ARS,BTC,static_20,delay_only
1.525,0.00666666577778,0.60095,0.0442574942812,ARS,BTC,static_20,delay_only
1.55,0.0133333315556,0.58485,0.0421500765113,ARS,BTC,static_20,delay_only
1.575,0.0199999973333,0.5625,0.0391191422387,ARS,BTC,static_20,delay_only
1.6,0.0266666631111,0.5553,0.0357988485753,ARS,BTC,static_20,delay_only
1.625,0.0333333288889,0.5319,0.03277283613,ARS,BTC,static_20,delay_only
1.65,0.0399999946667,0.504,0.0297199567523,ARS,BTC,static_20,delay_only
1.675,0.0466666604444,0.48005,0.0291081674736,ARS,BTC,static_20,delay_only
1.7,0.0533333262222,0.47255,0.0262508445762,ARS,BTC,static_20,delay_only
1.725,0.059999992,0.46525,0.0234021602562,ARS,BTC,static_20,delay_only
1.75,0.0666666577778,0.46,0.0205862953406,ARS,BTC,static_20,delay_only
1.775,0.0633333248889,0.4526,0.0204208931842,ARS,BTC,static_20,delay_only
1.8,0.059999992,0.4216,0.019807023582,ARS,BTC,static_20,delay_only
1.825,0.0566666591111,0.4131,0.0179556793261,ARS,BTC,static_20,delay_only
1.85,0.0533333262222,0.39725,0.0175464614916,ARS,BTC,static_20,delay_only
1.875,0.0499999933333,0.39175,0.0158793580464,ARS,BTC,static_20,delay_only
1.9,0.0466666604444,0.38775,0.0141763819625,ARS,BTC,static_20,delay_only
1.925,0.0433333275556,0.38365,0.0116718994719,ARS,BTC,static_20,delay_only
1.95,0.0399999946667,0.3784,0.0102121390453,ARS,BTC,static_20,delay_only
1.975,0.0366666617778,0.37335,0.00885374349005,ARS,BTC,static_20,delay_only
2,0.0333333288889,0.3667,0.00749271142564,ARS,BTC,static_20,delay_only
2.025,0.029999996,0.36205,0.00620191694832,ARS,BTC,static_20,delay_only
2.05,0.0266666631111,0.3402,0.00521868318571,ARS,BTC,static_20,delay_only
2.075,0.0233333302222,0.31755,0.00431718364169,ARS,BTC,static_20,delay_only
2.1,0.0199999973333,0.30005,0.00407312737729,ARS,BTC,static_20,delay_only
2.125,0.0166666644444,0.2838,0.0037902023804,ARS,BTC,static_20,delay_only
2.15,0.0133333315556,0.27925,0.00326975130568,ARS,BTC,static_20,delay_only
2.175,0.00999999866667,0.27545,0.00287504720526,ARS,BTC,static_20,delay_only
2.2,0.00666666577778,0.26925,0.0025634617983,ARS,BTC,static_20,delay_only
2.225,0.00333333288889,0.25445,0.00256813255131,ARS,BTC,static_20,delay_only
2.25,6.66666577778e-08,0.2505,0.00224056469175,ARS,BTC,static_20,delay_only
1.5,6.66666577778e-08,0.6441,0.0344759846996,ARS,BTC,static_20,haircut_only
1.525,0.00666666577778,0.60095,0.0312401472245,ARS,BTC,static_20,haircut_only
1.55,0.0133333315556,0.58485,0.0284509840608,ARS,BTC,static_20,haircut_only
1.575,0.0199999973333,0.5625,0.0254296997659,ARS,BTC,static_20,haircut_only
1.6,0.0266666631111,0.5553,0.0225126939973,ARS,BTC,static_20,haircut_only
1.625,0.0333333288889,0.5319,0.0199157202548,ARS,BTC,static_20,haircut_only
1.65,0.0399999946667,0.504,0.0172598455173,ARS,BTC,static_20,haircut_only
1.675,0.0466666604444,0.48005,0.017356147857,ARS,BTC,static_20,haircut_only
1.7,0.0533333262222,0.47255,0.0154728305758,ARS,BTC,static_20,haircut_only
1.725,0.059999992,0.46525,0.0135997626883,ARS,BTC,static_20,haircut_only
1.75,0.0666666577778,0.46,0.0118279188632,ARS,BTC,static_20,haircut_only
1.775,0.0633333248889,0.4526,0.0161941902119,ARS,BTC,static_20,haircut_only
1.8,0.059999992,0.4216,0.0146867349255,ARS,BTC,static_20,haircut_only
1.825,0.0566666591111,0.4131,0.0130437862948,ARS,BTC,static_20,haircut_only
1.85,0.0533333262222,0.39725,0.0157734301527,ARS,BTC,static_20,haircut_only
1.875,0.0499999933333,0.39175,0.0133233294964,ARS,BTC,static_20,haircut_only
1.9,0.0466666604444,0.38775,0.011070703869,ARS,BTC,static_20,haircut_only
1.925,0.0433333275556,0.38365,0.0117396707447,ARS,BTC,static_20,haircut_only
1.95,0.0399999946667,0.3784,0.00949744849814,ARS,BTC,static_20,haircut_only
1.975,0.0366666617778,0.37335,0.00754988103912,ARS,BTC,static_20,haircut_only
2,0.0333333288889,0.3667,0.00591060572538,ARS,BTC,static_20,haircut_only
2.025,0.029999996,0.36205,0.00424813622578,ARS,BTC,static_20,haircut_only
2.05,0.0266666631111,0.3402,0.00277237075429,ARS,BTC,static_20,haircut_only
2.075,0.0233333302222,0.31755,0.00182480165295,ARS,BTC,static_20,haircut_only
2.1,0.0199999973333,0.30005,0.000985094909346,ARS,BTC,static_20,haircut_only
2.125,0.0166666644444,0.2838,0.000442509549364,ARS,BTC,static_20,haircut_only
2.15,0.0133333315556,0.27925,0.000223747538482,ARS,BTC,static_20,haircut_only
2.175,0.00999999866667,0.27545,0.000161326264163,ARS,BTC,static_20,haircut_only
2.2,0.00666666577778,0.26925,0.000108364797075,ARS,BTC,static_20,haircut_only
2.225,0.00333333288889,0.25445,0.000130990183618,ARS,BTC,static_20,haircut_only
2.25,6.66666577778e-08,0.2505,9.61051899024e-05,ARS,BTC,static_20,haircut_only
1.5,6.66666577778e-08,0.6441,0.0652931821053,ARS,BTC,static_20,delayed_stress
1.525,0.00666666577778,0.60095,0.0647731286065,ARS,BTC,static_20,delayed_stress
1.55,0.0133333315556,0.58485,0.0628473374137,ARS,BTC,static_20,delayed_stress
1.575,0.0199999973333,0.5625,0.0598983642678,ARS,BTC,static_20,delayed_stress
1.6,0.0266666631111,0.5553,0.0567057883156,ARS,BTC,static_20,delayed_stress
1.625,0.0333333288889,0.5319,0.0540187520727,ARS,BTC,static_20,delayed_stress
1.65,0.0399999946667,0.504,0.0513503425818,ARS,BTC,static_20,delayed_stress
1.675,0.0466666604444,0.48005,0.0515297050216,ARS,BTC,static_20,delayed_stress
1.7,0.0533333262222,0.47255,0.0484160507341,ARS,BTC,static_20,delayed_stress
1.725,0.059999992,0.46525,0.045291311305,ARS,BTC,static_20,delayed_stress
1.75,0.0666666577778,0.46,0.0421170695436,ARS,BTC,static_20,delayed_stress
1.775,0.0633333248889,0.4526,0.040843966378,ARS,BTC,static_20,delayed_stress
1.8,0.059999992,0.4216,0.0406236037087,ARS,BTC,static_20,delayed_stress
1.825,0.0566666591111,0.4131,0.0375213876886,ARS,BTC,static_20,delayed_stress
1.85,0.0533333262222,0.39725,0.035305676196,ARS,BTC,static_20,delayed_stress
1.875,0.0499999933333,0.39175,0.0324864146929,ARS,BTC,static_20,delayed_stress
1.9,0.0466666604444,0.38775,0.0295902971183,ARS,BTC,static_20,delayed_stress
1.925,0.0433333275556,0.38365,0.0239514333783,ARS,BTC,static_20,delayed_stress
1.95,0.0399999946667,0.3784,0.0215576906222,ARS,BTC,static_20,delayed_stress
1.975,0.0366666617778,0.37335,0.0197263672802,ARS,BTC,static_20,delayed_stress
2,0.0333333288889,0.3667,0.0180626818576,ARS,BTC,static_20,delayed_stress
2.025,0.029999996,0.36205,0.016492219649,ARS,BTC,static_20,delayed_stress
2.05,0.0266666631111,0.3402,0.0148708138801,ARS,BTC,static_20,delayed_stress
2.075,0.0233333302222,0.31755,0.0133338183384,ARS,BTC,static_20,delayed_stress
2.1,0.0199999973333,0.30005,0.0123979384923,ARS,BTC,static_20,delayed_stress
2.125,0.0166666644444,0.2838,0.0110984197957,ARS,BTC,static_20,delayed_stress
2.15,0.0133333315556,0.27925,0.00960681839202,ARS,BTC,static_20,delayed_stress
2.175,0.00999999866667,0.27545,0.00821759911711,ARS,BTC,static_20,delayed_stress
2.2,0.00666666577778,0.26925,0.00698402109437,ARS,BTC,static_20,delayed_stress
2.225,0.00333333288889,0.25445,0.00655921913455,ARS,BTC,static_20,delayed_stress
2.25,6.66666577778e-08,0.2505,0.00562853969408,ARS,BTC,static_20,delayed_stress
1.5,6.66666577778e-08,0.71225,0.0184671061631,ARS,BTC,adaptive_75,timely
1.525,0.00666666577778,0.67475,0.0169439353388,ARS,BTC,adaptive_75,timely
1.55,0.0133333315556,0.667,0.0146060269611,ARS,BTC,adaptive_75,timely
1.575,0.0199999973333,0.6469,0.0125718366741,ARS,BTC,adaptive_75,timely
1.6,0.0266666631111,0.6347,0.0111526099153,ARS,BTC,adaptive_75,timely
1.625,0.0333333288889,0.6284,0.0095393303754,ARS,BTC,adaptive_75,timely
1.65,0.0399999946667,0.6013,0.00845669393545,ARS,BTC,adaptive_75,timely
1.675,0.0466666604444,0.59385,0.00739263163391,ARS,BTC,adaptive_75,timely
1.7,0.0533333262222,0.5764,0.00641565820057,ARS,BTC,adaptive_75,timely
1.725,0.059999992,0.5653,0.00643648933113,ARS,BTC,adaptive_75,timely
1.75,0.0666666577778,0.55975,0.00597300844677,ARS,BTC,adaptive_75,timely
1.775,0.0633333248889,0.553,0.00530921870346,ARS,BTC,adaptive_75,timely
1.8,0.059999992,0.54175,0.00680238512962,ARS,BTC,adaptive_75,timely
1.825,0.0566666591111,0.51705,0.0058662819201,ARS,BTC,adaptive_75,timely
1.85,0.0533333262222,0.5102,0.00572952387899,ARS,BTC,adaptive_75,timely
1.875,0.0499999933333,0.49795,0.00458482072288,ARS,BTC,adaptive_75,timely
1.9,0.0466666604444,0.4826,0.00330129957726,ARS,BTC,adaptive_75,timely
1.925,0.0433333275556,0.47665,0.00218241837695,ARS,BTC,adaptive_75,timely
1.95,0.0399999946667,0.46805,0.000995967862436,ARS,BTC,adaptive_75,timely
1.975,0.0366666617778,0.4599,0.000636712941893,ARS,BTC,adaptive_75,timely
2,0.0333333288889,0.4549,0.000413669491921,ARS,BTC,adaptive_75,timely
2.025,0.029999996,0.4503,0.000280217358418,ARS,BTC,adaptive_75,timely
2.05,0.0266666631111,0.4441,0.000189484729236,ARS,BTC,adaptive_75,timely
2.075,0.0233333302222,0.4079,0.000136831678764,ARS,BTC,adaptive_75,timely
2.1,0.0199999973333,0.4011,9.23014919477e-05,ARS,BTC,adaptive_75,timely
2.125,0.0166666644444,0.39395,5.82848287235e-05,ARS,BTC,adaptive_75,timely
2.15,0.0133333315556,0.37765,3.43903134435e-05,ARS,BTC,adaptive_75,timely
2.175,0.00999999866667,0.36465,1.39286655322e-05,ARS,BTC,adaptive_75,timely
2.2,0.00666666577778,0.35885,8.91252198169e-06,ARS,BTC,adaptive_75,timely
2.225,0.00333333288889,0.35385,6.73951514657e-06,ARS,BTC,adaptive_75,timely
2.25,6.66666577778e-08,0.3415,6.71936321058e-06,ARS,BTC,adaptive_75,timely
1.5,6.66666577778e-08,0.71225,0.0550746746151,ARS,BTC,adaptive_75,delay_only
1.525,0.00666666577778,0.67475,0.055143674477,ARS,BTC,adaptive_75,delay_only
1.55,0.0133333315556,0.667,0.0518329286749,ARS,BTC,adaptive_75,delay_only
1.575,0.0199999973333,0.6469,0.0487913839102,ARS,BTC,adaptive_75,delay_only
1.6,0.0266666631111,0.6347,0.0468887164075,ARS,BTC,adaptive_75,delay_only
1.625,0.0333333288889,0.6284,0.0441238526276,ARS,BTC,adaptive_75,delay_only
1.65,0.0399999946667,0.6013,0.042231892225,ARS,BTC,adaptive_75,delay_only
1.675,0.0466666604444,0.59385,0.0398696955206,ARS,BTC,adaptive_75,delay_only
1.7,0.0533333262222,0.5764,0.0380094365889,ARS,BTC,adaptive_75,delay_only
1.725,0.059999992,0.5653,0.0362417622443,ARS,BTC,adaptive_75,delay_only
1.75,0.0666666577778,0.55975,0.0335825673947,ARS,BTC,adaptive_75,delay_only
1.775,0.0633333248889,0.553,0.0313500112339,ARS,BTC,adaptive_75,delay_only
1.8,0.059999992,0.54175,0.030201486204,ARS,BTC,adaptive_75,delay_only
1.825,0.0566666591111,0.51705,0.0302442604153,ARS,BTC,adaptive_75,delay_only
1.85,0.0533333262222,0.5102,0.0287600928514,ARS,BTC,adaptive_75,delay_only
1.875,0.0499999933333,0.49795,0.0275581917357,ARS,BTC,adaptive_75,delay_only
1.9,0.0466666604444,0.4826,0.0265388005329,ARS,BTC,adaptive_75,delay_only
1.925,0.0433333275556,0.47665,0.0252138748063,ARS,BTC,adaptive_75,delay_only
1.95,0.0399999946667,0.46805,0.0233366456689,ARS,BTC,adaptive_75,delay_only
1.975,0.0366666617778,0.4599,0.0201152195687,ARS,BTC,adaptive_75,delay_only
2,0.0333333288889,0.4549,0.0182724603792,ARS,BTC,adaptive_75,delay_only
2.025,0.029999996,0.4503,0.0162006985916,ARS,BTC,adaptive_75,delay_only
2.05,0.0266666631111,0.4441,0.014549461588,ARS,BTC,adaptive_75,delay_only
2.075,0.0233333302222,0.4079,0.0131587070683,ARS,BTC,adaptive_75,delay_only
2.1,0.0199999973333,0.4011,0.0118066452814,ARS,BTC,adaptive_75,delay_only
2.125,0.0166666644444,0.39395,0.0105459688374,ARS,BTC,adaptive_75,delay_only
2.15,0.0133333315556,0.37765,0.00944747339648,ARS,BTC,adaptive_75,delay_only
2.175,0.00999999866667,0.36465,0.00903088304492,ARS,BTC,adaptive_75,delay_only
2.2,0.00666666577778,0.35885,0.0078896736576,ARS,BTC,adaptive_75,delay_only
2.225,0.00333333288889,0.35385,0.00719975687754,ARS,BTC,adaptive_75,delay_only
2.25,6.66666577778e-08,0.3415,0.00667697797528,ARS,BTC,adaptive_75,delay_only
1.5,6.66666577778e-08,0.71225,0.0403656536068,ARS,BTC,adaptive_75,haircut_only
1.525,0.00666666577778,0.67475,0.0387484769297,ARS,BTC,adaptive_75,haircut_only
1.55,0.0133333315556,0.667,0.0345161930679,ARS,BTC,adaptive_75,haircut_only
1.575,0.0199999973333,0.6469,0.0312027519136,ARS,BTC,adaptive_75,haircut_only
1.6,0.0266666631111,0.6347,0.0289888224594,ARS,BTC,adaptive_75,haircut_only
1.625,0.0333333288889,0.6284,0.0265289304031,ARS,BTC,adaptive_75,haircut_only
1.65,0.0399999946667,0.6013,0.0241324364917,ARS,BTC,adaptive_75,haircut_only
1.675,0.0466666604444,0.59385,0.0218446048421,ARS,BTC,adaptive_75,haircut_only
1.7,0.0533333262222,0.5764,0.0202919240011,ARS,BTC,adaptive_75,haircut_only
1.725,0.059999992,0.5653,0.0192584951416,ARS,BTC,adaptive_75,haircut_only
1.75,0.0666666577778,0.55975,0.0172436038293,ARS,BTC,adaptive_75,haircut_only
1.775,0.0633333248889,0.553,0.0174247996054,ARS,BTC,adaptive_75,haircut_only
1.8,0.059999992,0.54175,0.0199218724213,ARS,BTC,adaptive_75,haircut_only
1.825,0.0566666591111,0.51705,0.0191907082774,ARS,BTC,adaptive_75,haircut_only
1.85,0.0533333262222,0.5102,0.0211451242865,ARS,BTC,adaptive_75,haircut_only
1.875,0.0499999933333,0.49795,0.0195369107425,ARS,BTC,adaptive_75,haircut_only
1.9,0.0466666604444,0.4826,0.0176191431233,ARS,BTC,adaptive_75,haircut_only
1.925,0.0433333275556,0.47665,0.0171855934145,ARS,BTC,adaptive_75,haircut_only
1.95,0.0399999946667,0.46805,0.0143322382521,ARS,BTC,adaptive_75,haircut_only
1.975,0.0366666617778,0.4599,0.0135801035629,ARS,BTC,adaptive_75,haircut_only
2,0.0333333288889,0.4549,0.0111732610807,ARS,BTC,adaptive_75,haircut_only
2.025,0.029999996,0.4503,0.00895902930132,ARS,BTC,adaptive_75,haircut_only
2.05,0.0266666631111,0.4441,0.00673623908166,ARS,BTC,adaptive_75,haircut_only
2.075,0.0233333302222,0.4079,0.00475134492217,ARS,BTC,adaptive_75,haircut_only
2.1,0.0199999973333,0.4011,0.00283017313973,ARS,BTC,adaptive_75,haircut_only
2.125,0.0166666644444,0.39395,0.00146035754867,ARS,BTC,adaptive_75,haircut_only
2.15,0.0133333315556,0.37765,0.00122415358377,ARS,BTC,adaptive_75,haircut_only
2.175,0.00999999866667,0.36465,0.000952729595372,ARS,BTC,adaptive_75,haircut_only
2.2,0.00666666577778,0.35885,0.000715932070298,ARS,BTC,adaptive_75,haircut_only
2.225,0.00333333288889,0.35385,0.000530532667936,ARS,BTC,adaptive_75,haircut_only
2.25,6.66666577778e-08,0.3415,0.000569591993605,ARS,BTC,adaptive_75,haircut_only
1.5,6.66666577778e-08,0.71225,0.0781027107496,ARS,BTC,adaptive_75,delayed_stress
1.525,0.00666666577778,0.67475,0.0789630716158,ARS,BTC,adaptive_75,delayed_stress
1.55,0.0133333315556,0.667,0.0753952891328,ARS,BTC,adaptive_75,delayed_stress
1.575,0.0199999973333,0.6469,0.0723023958284,ARS,BTC,adaptive_75,delayed_stress
1.6,0.0266666631111,0.6347,0.0707053421395,ARS,BTC,adaptive_75,delayed_stress
1.625,0.0333333288889,0.6284,0.0680458085873,ARS,BTC,adaptive_75,delayed_stress
1.65,0.0399999946667,0.6013,0.0671687732973,ARS,BTC,adaptive_75,delayed_stress
1.675,0.0466666604444,0.59385,0.0655053059637,ARS,BTC,adaptive_75,delayed_stress
1.7,0.0533333262222,0.5764,0.0639375618472,ARS,BTC,adaptive_75,delayed_stress
1.725,0.059999992,0.5653,0.0622704068686,ARS,BTC,adaptive_75,delayed_stress
1.75,0.0666666577778,0.55975,0.0594616743433,ARS,BTC,adaptive_75,delayed_stress
1.775,0.0633333248889,0.553,0.0571734033504,ARS,BTC,adaptive_75,delayed_stress
1.8,0.059999992,0.54175,0.0548592763927,ARS,BTC,adaptive_75,delayed_stress
1.825,0.0566666591111,0.51705,0.0553008333524,ARS,BTC,adaptive_75,delayed_stress
1.85,0.0533333262222,0.5102,0.0521237340934,ARS,BTC,adaptive_75,delayed_stress
1.875,0.0499999933333,0.49795,0.0494794409878,ARS,BTC,adaptive_75,delayed_stress
1.9,0.0466666604444,0.4826,0.0474486310396,ARS,BTC,adaptive_75,delayed_stress
1.925,0.0433333275556,0.47665,0.0433199841099,ARS,BTC,adaptive_75,delayed_stress
1.95,0.0399999946667,0.46805,0.0404204229303,ARS,BTC,adaptive_75,delayed_stress
1.975,0.0366666617778,0.4599,0.0357545511448,ARS,BTC,adaptive_75,delayed_stress
2,0.0333333288889,0.4549,0.0334594935736,ARS,BTC,adaptive_75,delayed_stress
2.025,0.029999996,0.4503,0.0309369847656,ARS,BTC,adaptive_75,delayed_stress
2.05,0.0266666631111,0.4441,0.0287225570335,ARS,BTC,adaptive_75,delayed_stress
2.075,0.0233333302222,0.4079,0.0270375912637,ARS,BTC,adaptive_75,delayed_stress
2.1,0.0199999973333,0.4011,0.0249869127238,ARS,BTC,adaptive_75,delayed_stress
2.125,0.0166666644444,0.39395,0.0230613774713,ARS,BTC,adaptive_75,delayed_stress
2.15,0.0133333315556,0.37765,0.0214175483163,ARS,BTC,adaptive_75,delayed_stress
2.175,0.00999999866667,0.36465,0.0208559389113,ARS,BTC,adaptive_75,delayed_stress
2.2,0.00666666577778,0.35885,0.0189878478864,ARS,BTC,adaptive_75,delayed_stress
2.225,0.00333333288889,0.35385,0.0173286920335,ARS,BTC,adaptive_75,delayed_stress
2.25,6.66666577778e-08,0.3415,0.0161786778265,ARS,BTC,adaptive_75,delayed_stress
1.5,6.66666577778e-08,0.73775,0.0193837533156,ARS,BTC,indexed_100,timely
1.525,0.00666666577778,0.7034,0.0186334299448,ARS,BTC,indexed_100,timely
1.55,0.0133333315556,0.68855,0.016907328792,ARS,BTC,indexed_100,timely
1.575,0.0199999973333,0.66805,0.0145722157331,ARS,BTC,indexed_100,timely
1.6,0.0266666631111,0.66085,0.0124542942915,ARS,BTC,indexed_100,timely
1.625,0.0333333288889,0.65475,0.00992977765679,ARS,BTC,indexed_100,timely
1.65,0.0399999946667,0.62495,0.0098422413916,ARS,BTC,indexed_100,timely
1.675,0.0466666604444,0.6174,0.00858932315196,ARS,BTC,indexed_100,timely
1.7,0.0533333262222,0.61105,0.00751952359398,ARS,BTC,indexed_100,timely
1.725,0.059999992,0.59595,0.00706169419651,ARS,BTC,indexed_100,timely
1.75,0.0666666577778,0.5892,0.00645649431773,ARS,BTC,indexed_100,timely
1.775,0.0633333248889,0.57775,0.00643141694599,ARS,BTC,indexed_100,timely
1.8,0.059999992,0.57115,0.00759213698335,ARS,BTC,indexed_100,timely
1.825,0.0566666591111,0.5483,0.0066480496009,ARS,BTC,indexed_100,timely
1.85,0.0533333262222,0.5347,0.00678261618084,ARS,BTC,indexed_100,timely
1.875,0.0499999933333,0.52895,0.00506010146833,ARS,BTC,indexed_100,timely
1.9,0.0466666604444,0.5226,0.00368816699157,ARS,BTC,indexed_100,timely
1.925,0.0433333275556,0.50505,0.00319195170549,ARS,BTC,indexed_100,timely
1.95,0.0399999946667,0.49595,0.00179629690153,ARS,BTC,indexed_100,timely
1.975,0.0366666617778,0.4896,0.00119599098176,ARS,BTC,indexed_100,timely
2,0.0333333288889,0.48295,0.00080075676026,ARS,BTC,indexed_100,timely
2.025,0.029999996,0.4786,0.000507533984567,ARS,BTC,indexed_100,timely
2.05,0.0266666631111,0.47275,0.000348122302586,ARS,BTC,indexed_100,timely
2.075,0.0233333302222,0.4371,0.000243599809151,ARS,BTC,indexed_100,timely
2.1,0.0199999973333,0.4303,0.000183201820047,ARS,BTC,indexed_100,timely
2.125,0.0166666644444,0.4166,0.000150809113773,ARS,BTC,indexed_100,timely
2.15,0.0133333315556,0.4104,9.04719020544e-05,ARS,BTC,indexed_100,timely
2.175,0.00999999866667,0.4039,5.59926789358e-05,ARS,BTC,indexed_100,timely
2.2,0.00666666577778,0.39,3.36430132406e-05,ARS,BTC,indexed_100,timely
2.225,0.00333333288889,0.3826,9.74260014513e-06,ARS,BTC,indexed_100,timely
2.25,6.66666577778e-08,0.36855,1.53405148879e-05,ARS,BTC,indexed_100,timely
1.5,6.66666577778e-08,0.73775,0.0574091007471,ARS,BTC,indexed_100,delay_only
1.525,0.00666666577778,0.7034,0.0583623505118,ARS,BTC,indexed_100,delay_only
1.55,0.0133333315556,0.68855,0.0567709123471,ARS,BTC,indexed_100,delay_only
1.575,0.0199999973333,0.66805,0.0536246493571,ARS,BTC,indexed_100,delay_only
1.6,0.0266666631111,0.66085,0.0506986848882,ARS,BTC,indexed_100,delay_only
1.625,0.0333333288889,0.65475,0.0469039658225,ARS,BTC,indexed_100,delay_only
1.65,0.0399999946667,0.62495,0.0468592231103,ARS,BTC,indexed_100,delay_only
1.675,0.0466666604444,0.6174,0.0439281326253,ARS,BTC,indexed_100,delay_only
1.7,0.0533333262222,0.61105,0.0423400335027,ARS,BTC,indexed_100,delay_only
1.725,0.059999992,0.59595,0.0407204157416,ARS,BTC,indexed_100,delay_only
1.75,0.0666666577778,0.5892,0.037422786056,ARS,BTC,indexed_100,delay_only
1.775,0.0633333248889,0.57775,0.0368186710573,ARS,BTC,indexed_100,delay_only
1.8,0.059999992,0.57115,0.0346182203811,ARS,BTC,indexed_100,delay_only
1.825,0.0566666591111,0.5483,0.0345755047928,ARS,BTC,indexed_100,delay_only
1.85,0.0533333262222,0.5347,0.0337727435622,ARS,BTC,indexed_100,delay_only
1.875,0.0499999933333,0.52895,0.0316095345872,ARS,BTC,indexed_100,delay_only
1.9,0.0466666604444,0.5226,0.0293743135773,ARS,BTC,indexed_100,delay_only
1.925,0.0433333275556,0.50505,0.0294491363961,ARS,BTC,indexed_100,delay_only
1.95,0.0399999946667,0.49595,0.0276963140561,ARS,BTC,indexed_100,delay_only
1.975,0.0366666617778,0.4896,0.0238187419194,ARS,BTC,indexed_100,delay_only
2,0.0333333288889,0.48295,0.0221455596953,ARS,BTC,indexed_100,delay_only
2.025,0.029999996,0.4786,0.0200670727546,ARS,BTC,indexed_100,delay_only
2.05,0.0266666631111,0.47275,0.0182093926651,ARS,BTC,indexed_100,delay_only
2.075,0.0233333302222,0.4371,0.0172815270259,ARS,BTC,indexed_100,delay_only
2.1,0.0199999973333,0.4303,0.015707569031,ARS,BTC,indexed_100,delay_only
2.125,0.0166666644444,0.4166,0.0145716545878,ARS,BTC,indexed_100,delay_only
2.15,0.0133333315556,0.4104,0.0132276668475,ARS,BTC,indexed_100,delay_only
2.175,0.00999999866667,0.4039,0.0113876482154,ARS,BTC,indexed_100,delay_only
2.2,0.00666666577778,0.39,0.0109498809301,ARS,BTC,indexed_100,delay_only
2.225,0.00333333288889,0.3826,0.00987673551665,ARS,BTC,indexed_100,delay_only
2.25,6.66666577778e-08,0.36855,0.00940008076288,ARS,BTC,indexed_100,delay_only
1.5,6.66666577778e-08,0.73775,0.0416754366775,ARS,BTC,indexed_100,haircut_only
1.525,0.00666666577778,0.7034,0.0409331152547,ARS,BTC,indexed_100,haircut_only
1.55,0.0133333315556,0.68855,0.0379867940944,ARS,BTC,indexed_100,haircut_only
1.575,0.0199999973333,0.66805,0.0343378953733,ARS,BTC,indexed_100,haircut_only
1.6,0.0266666631111,0.66085,0.0310731464275,ARS,BTC,indexed_100,haircut_only
1.625,0.0333333288889,0.65475,0.0276057740534,ARS,BTC,indexed_100,haircut_only
1.65,0.0399999946667,0.62495,0.026800640322,ARS,BTC,indexed_100,haircut_only
1.675,0.0466666604444,0.6174,0.0242875789347,ARS,BTC,indexed_100,haircut_only
1.7,0.0533333262222,0.61105,0.0225180577115,ARS,BTC,indexed_100,haircut_only
1.725,0.059999992,0.59595,0.0212392223068,ARS,BTC,indexed_100,haircut_only
1.75,0.0666666577778,0.5892,0.0188940237809,ARS,BTC,indexed_100,haircut_only
1.775,0.0633333248889,0.57775,0.0199170413368,ARS,BTC,indexed_100,haircut_only
1.8,0.059999992,0.57115,0.0214134538067,ARS,BTC,indexed_100,haircut_only
1.825,0.0566666591111,0.5483,0.0206256269758,ARS,BTC,indexed_100,haircut_only
1.85,0.0533333262222,0.5347,0.0233100156204,ARS,BTC,indexed_100,haircut_only
1.875,0.0499999933333,0.52895,0.0202521177916,ARS,BTC,indexed_100,haircut_only
1.9,0.0466666604444,0.5226,0.0175715885352,ARS,BTC,indexed_100,haircut_only
1.925,0.0433333275556,0.50505,0.0186707667171,ARS,BTC,indexed_100,haircut_only
1.95,0.0399999946667,0.49595,0.0161097804889,ARS,BTC,indexed_100,haircut_only
1.975,0.0366666617778,0.4896,0.015759845564,ARS,BTC,indexed_100,haircut_only
2,0.0333333288889,0.48295,0.013445969898,ARS,BTC,indexed_100,haircut_only
2.025,0.029999996,0.4786,0.0110183699912,ARS,BTC,indexed_100,haircut_only
2.05,0.0266666631111,0.47275,0.00869219688504,ARS,BTC,indexed_100,haircut_only
2.075,0.0233333302222,0.4371,0.00654986248295,ARS,BTC,indexed_100,haircut_only
2.1,0.0199999973333,0.4303,0.0044539858964,ARS,BTC,indexed_100,haircut_only
2.125,0.0166666644444,0.4166,0.00272385618648,ARS,BTC,indexed_100,haircut_only
2.15,0.0133333315556,0.4104,0.0019436231511,ARS,BTC,indexed_100,haircut_only
2.175,0.00999999866667,0.4039,0.0015547651027,ARS,BTC,indexed_100,haircut_only
2.2,0.00666666577778,0.39,0.00124771727965,ARS,BTC,indexed_100,haircut_only
2.225,0.00333333288889,0.3826,0.000956295499141,ARS,BTC,indexed_100,haircut_only
2.25,6.66666577778e-08,0.36855,0.000904694065985,ARS,BTC,indexed_100,haircut_only
1.5,6.66666577778e-08,0.73775,0.0808257945295,ARS,BTC,indexed_100,delayed_stress
1.525,0.00666666577778,0.7034,0.0827018869461,ARS,BTC,indexed_100,delayed_stress
1.55,0.0133333315556,0.68855,0.0815585649853,ARS,BTC,indexed_100,delayed_stress
1.575,0.0199999973333,0.66805,0.0784928367644,ARS,BTC,indexed_100,delayed_stress
1.6,0.0266666631111,0.66085,0.0757420788394,ARS,BTC,indexed_100,delayed_stress
1.625,0.0333333288889,0.65475,0.0720113796042,ARS,BTC,indexed_100,delayed_stress
1.65,0.0399999946667,0.62495,0.0733703093644,ARS,BTC,indexed_100,delayed_stress
1.675,0.0466666604444,0.6174,0.070800841033,ARS,BTC,indexed_100,delayed_stress
1.7,0.0533333262222,0.61105,0.0698701416398,ARS,BTC,indexed_100,delayed_stress
1.725,0.059999992,0.59595,0.0684883594085,ARS,BTC,indexed_100,delayed_stress
1.75,0.0666666577778,0.5892,0.0647838859457,ARS,BTC,indexed_100,delayed_stress
1.775,0.0633333248889,0.57775,0.0647777215343,ARS,BTC,indexed_100,delayed_stress
1.8,0.059999992,0.57115,0.0611409290394,ARS,BTC,indexed_100,delayed_stress
1.825,0.0566666591111,0.5483,0.0614626541202,ARS,BTC,indexed_100,delayed_stress
1.85,0.0533333262222,0.5347,0.0591505534845,ARS,BTC,indexed_100,delayed_stress
1.875,0.0499999933333,0.52895,0.0555350347928,ARS,BTC,indexed_100,delayed_stress
1.9,0.0466666604444,0.5226,0.0518182377471,ARS,BTC,indexed_100,delayed_stress
1.925,0.0433333275556,0.50505,0.0492505433695,ARS,BTC,indexed_100,delayed_stress
1.95,0.0399999946667,0.49595,0.0464951343612,ARS,BTC,indexed_100,delayed_stress
1.975,0.0366666617778,0.4896,0.0410953007891,ARS,BTC,indexed_100,delayed_stress
2,0.0333333288889,0.48295,0.0390519943811,ARS,BTC,indexed_100,delayed_stress
2.025,0.029999996,0.4786,0.0365505281431,ARS,BTC,indexed_100,delayed_stress
2.05,0.0266666631111,0.47275,0.0340022889966,ARS,BTC,indexed_100,delayed_stress
2.075,0.0233333302222,0.4371,0.0328222586218,ARS,BTC,indexed_100,delayed_stress
2.1,0.0199999973333,0.4303,0.0304836326228,ARS,BTC,indexed_100,delayed_stress
2.125,0.0166666644444,0.4166,0.0287584201136,ARS,BTC,indexed_100,delayed_stress
2.15,0.0133333315556,0.4104,0.0267145561194,ARS,BTC,indexed_100,delayed_stress
2.175,0.00999999866667,0.4039,0.0241239606026,ARS,BTC,indexed_100,delayed_stress
2.2,0.00666666577778,0.39,0.0235649584057,ARS,BTC,indexed_100,delayed_stress
2.225,0.00333333288889,0.3826,0.0218320937291,ARS,BTC,indexed_100,delayed_stress
2.25,6.66666577778e-08,0.36855,0.0211305424084,ARS,BTC,indexed_100,delayed_stress
1.5,6.66666577778e-08,0.69725,0.0180645522114,ARS,BTC,smooth_12,timely
1.525,0.00666666577778,0.6605,0.0164014652738,ARS,BTC,smooth_12,timely
1.55,0.0133333315556,0.65185,0.0142127090619,ARS,BTC,smooth_12,timely
1.575,0.0199999973333,0.62495,0.0129104920909,ARS,BTC,smooth_12,timely
1.6,0.0266666631111,0.6184,0.0110318442927,ARS,BTC,smooth_12,timely
1.625,0.0333333288889,0.6116,0.00929492496867,ARS,BTC,smooth_12,timely
1.65,0.0399999946667,0.56895,0.00870749679205,ARS,BTC,smooth_12,timely
1.675,0.0466666604444,0.56135,0.00789317548818,ARS,BTC,smooth_12,timely
1.7,0.0533333262222,0.55235,0.00665704641788,ARS,BTC,smooth_12,timely
1.725,0.059999992,0.54785,0.00592140418063,ARS,BTC,smooth_12,timely
1.75,0.0666666577778,0.5414,0.00542467513834,ARS,BTC,smooth_12,timely
1.775,0.0633333248889,0.5282,0.00526640966625,ARS,BTC,smooth_12,timely
1.8,0.059999992,0.51655,0.00671241423767,ARS,BTC,smooth_12,timely
1.825,0.0566666591111,0.4919,0.00575742960986,ARS,BTC,smooth_12,timely
1.85,0.0533333262222,0.48315,0.00563195461228,ARS,BTC,smooth_12,timely
1.875,0.0499999933333,0.47575,0.00394384782369,ARS,BTC,smooth_12,timely
1.9,0.0466666604444,0.4622,0.00275349267914,ARS,BTC,smooth_12,timely
1.925,0.0433333275556,0.455,0.00174192012997,ARS,BTC,smooth_12,timely
1.95,0.0399999946667,0.44665,0.000661085507387,ARS,BTC,smooth_12,timely
1.975,0.0366666617778,0.4406,0.000426272537567,ARS,BTC,smooth_12,timely
2,0.0333333288889,0.43295,0.000269657399524,ARS,BTC,smooth_12,timely
2.025,0.029999996,0.42695,0.000190696949695,ARS,BTC,smooth_12,timely
2.05,0.0266666631111,0.42145,0.00013328587693,ARS,BTC,smooth_12,timely
2.075,0.0233333302222,0.386,8.0591623104e-05,ARS,BTC,smooth_12,timely
2.1,0.0199999973333,0.3813,3.35910827506e-05,ARS,BTC,smooth_12,timely
2.125,0.0166666644444,0.3742,1.02118731025e-05,ARS,BTC,smooth_12,timely
2.15,0.0133333315556,0.3599,1.01871787498e-05,ARS,BTC,smooth_12,timely
2.175,0.00999999866667,0.34675,9.2555870562e-06,ARS,BTC,smooth_12,timely
2.2,0.00666666577778,0.34005,6.09593705436e-06,ARS,BTC,smooth_12,timely
2.225,0.00333333288889,0.3357,3.31445829585e-06,ARS,BTC,smooth_12,timely
2.25,6.66666577778e-08,0.32075,6.33998984577e-06,ARS,BTC,smooth_12,timely
1.5,6.66666577778e-08,0.69725,0.0532765172398,ARS,BTC,smooth_12,delay_only
1.525,0.00666666577778,0.6605,0.0531280026896,ARS,BTC,smooth_12,delay_only
1.55,0.0133333315556,0.65185,0.0499990667072,ARS,BTC,smooth_12,delay_only
1.575,0.0199999973333,0.62495,0.0486508041664,ARS,BTC,smooth_12,delay_only
1.6,0.0266666631111,0.6184,0.0459955450201,ARS,BTC,smooth_12,delay_only
1.625,0.0333333288889,0.6116,0.042970313006,ARS,BTC,smooth_12,delay_only
1.65,0.0399999946667,0.56895,0.0426768072806,ARS,BTC,smooth_12,delay_only
1.675,0.0466666604444,0.56135,0.0398689596578,ARS,BTC,smooth_12,delay_only
1.7,0.0533333262222,0.55235,0.0369262306286,ARS,BTC,smooth_12,delay_only
1.725,0.059999992,0.54785,0.0338159264174,ARS,BTC,smooth_12,delay_only
1.75,0.0666666577778,0.5414,0.0310547979263,ARS,BTC,smooth_12,delay_only
1.775,0.0633333248889,0.5282,0.0303934565306,ARS,BTC,smooth_12,delay_only
1.8,0.059999992,0.51655,0.0295411419602,ARS,BTC,smooth_12,delay_only
1.825,0.0566666591111,0.4919,0.0296283794714,ARS,BTC,smooth_12,delay_only
1.85,0.0533333262222,0.48315,0.0283461019421,ARS,BTC,smooth_12,delay_only
1.875,0.0499999933333,0.47575,0.0262902038351,ARS,BTC,smooth_12,delay_only
1.9,0.0466666604444,0.4622,0.0249143267981,ARS,BTC,smooth_12,delay_only
1.925,0.0433333275556,0.455,0.0235787668724,ARS,BTC,smooth_12,delay_only
1.95,0.0399999946667,0.44665,0.021738285962,ARS,BTC,smooth_12,delay_only
1.975,0.0366666617778,0.4406,0.0182096391454,ARS,BTC,smooth_12,delay_only
2,0.0333333288889,0.43295,0.0164198550169,ARS,BTC,smooth_12,delay_only
2.025,0.029999996,0.42695,0.0147412804459,ARS,BTC,smooth_12,delay_only
2.05,0.0266666631111,0.42145,0.0131633015487,ARS,BTC,smooth_12,delay_only
2.075,0.0233333302222,0.386,0.0118061727552,ARS,BTC,smooth_12,delay_only
2.1,0.0199999973333,0.3813,0.0104409495168,ARS,BTC,smooth_12,delay_only
2.125,0.0166666644444,0.3742,0.00920330368764,ARS,BTC,smooth_12,delay_only
2.15,0.0133333315556,0.3599,0.00825804008675,ARS,BTC,smooth_12,delay_only
2.175,0.00999999866667,0.34675,0.00787232256597,ARS,BTC,smooth_12,delay_only
2.2,0.00666666577778,0.34005,0.00683551836424,ARS,BTC,smooth_12,delay_only
2.225,0.00333333288889,0.3357,0.00612388100687,ARS,BTC,smooth_12,delay_only
2.25,6.66666577778e-08,0.32075,0.00589596797612,ARS,BTC,smooth_12,delay_only
1.5,6.66666577778e-08,0.69725,0.0394122956582,ARS,BTC,smooth_12,haircut_only
1.525,0.00666666577778,0.6605,0.0375952354301,ARS,BTC,smooth_12,haircut_only
1.55,0.0133333315556,0.65185,0.0335893176363,ARS,BTC,smooth_12,haircut_only
1.575,0.0199999973333,0.62495,0.0315169996695,ARS,BTC,smooth_12,haircut_only
1.6,0.0266666631111,0.6184,0.0287094909343,ARS,BTC,smooth_12,haircut_only
1.625,0.0333333288889,0.6116,0.0260736557401,ARS,BTC,smooth_12,haircut_only
1.65,0.0399999946667,0.56895,0.0246075836305,ARS,BTC,smooth_12,haircut_only
1.675,0.0466666604444,0.56135,0.0227571590163,ARS,BTC,smooth_12,haircut_only
1.7,0.0533333262222,0.55235,0.0205750118746,ARS,BTC,smooth_12,haircut_only
1.725,0.059999992,0.54785,0.0183567038764,ARS,BTC,smooth_12,haircut_only
1.75,0.0666666577778,0.5414,0.0162938134358,ARS,BTC,smooth_12,haircut_only
1.775,0.0633333248889,0.5282,0.0174798062157,ARS,BTC,smooth_12,haircut_only
1.8,0.059999992,0.51655,0.0201637245932,ARS,BTC,smooth_12,haircut_only
1.825,0.0566666591111,0.4919,0.0194746183599,ARS,BTC,smooth_12,haircut_only
1.85,0.0533333262222,0.48315,0.0214786662549,ARS,BTC,smooth_12,haircut_only
1.875,0.0499999933333,0.47575,0.0183588211216,ARS,BTC,smooth_12,haircut_only
1.9,0.0466666604444,0.4622,0.0162647520907,ARS,BTC,smooth_12,haircut_only
1.925,0.0433333275556,0.455,0.0158757459701,ARS,BTC,smooth_12,haircut_only
1.95,0.0399999946667,0.44665,0.0131256191676,ARS,BTC,smooth_12,haircut_only
1.975,0.0366666617778,0.4406,0.0123566765994,ARS,BTC,smooth_12,haircut_only
2,0.0333333288889,0.43295,0.0101380632558,ARS,BTC,smooth_12,haircut_only
2.025,0.029999996,0.42695,0.0079856857508,ARS,BTC,smooth_12,haircut_only
2.05,0.0266666631111,0.42145,0.00593224959532,ARS,BTC,smooth_12,haircut_only
2.075,0.0233333302222,0.386,0.00415998555374,ARS,BTC,smooth_12,haircut_only
2.1,0.0199999973333,0.3813,0.0023461277824,ARS,BTC,smooth_12,haircut_only
2.125,0.0166666644444,0.3742,0.00108526907541,ARS,BTC,smooth_12,haircut_only
2.15,0.0133333315556,0.3599,0.000928703875844,ARS,BTC,smooth_12,haircut_only
2.175,0.00999999866667,0.34675,0.000762801718582,ARS,BTC,smooth_12,haircut_only
2.2,0.00666666577778,0.34005,0.00056359659582,ARS,BTC,smooth_12,haircut_only
2.225,0.00333333288889,0.3357,0.000425897397735,ARS,BTC,smooth_12,haircut_only
2.25,6.66666577778e-08,0.32075,0.000457841281781,ARS,BTC,smooth_12,haircut_only
1.5,6.66666577778e-08,0.69725,0.0755486998373,ARS,BTC,smooth_12,delayed_stress
1.525,0.00666666577778,0.6605,0.0761035409923,ARS,BTC,smooth_12,delayed_stress
1.55,0.0133333315556,0.65185,0.0726909006586,ARS,BTC,smooth_12,delayed_stress
1.575,0.0199999973333,0.62495,0.0718141521733,ARS,BTC,smooth_12,delayed_stress
1.6,0.0266666631111,0.6184,0.0692553745003,ARS,BTC,smooth_12,delayed_stress
1.625,0.0333333288889,0.6116,0.0663192972154,ARS,BTC,smooth_12,delayed_stress
1.65,0.0399999946667,0.56895,0.067931014487,ARS,BTC,smooth_12,delayed_stress
1.675,0.0466666604444,0.56135,0.065152012639,ARS,BTC,smooth_12,delayed_stress
1.7,0.0533333262222,0.55235,0.0619028793056,ARS,BTC,smooth_12,delayed_stress
1.725,0.059999992,0.54785,0.0584655024371,ARS,BTC,smooth_12,delayed_stress
1.75,0.0666666577778,0.5414,0.055510126249,ARS,BTC,smooth_12,delayed_stress
1.775,0.0633333248889,0.5282,0.0551765070055,ARS,BTC,smooth_12,delayed_stress
1.8,0.059999992,0.51655,0.0532532750477,ARS,BTC,smooth_12,delayed_stress
1.825,0.0566666591111,0.4919,0.0537979012597,ARS,BTC,smooth_12,delayed_stress
1.85,0.0533333262222,0.48315,0.0508482197633,ARS,BTC,smooth_12,delayed_stress
1.875,0.0499999933333,0.47575,0.0472741275163,ARS,BTC,smooth_12,delayed_stress
1.9,0.0466666604444,0.4622,0.0447852304003,ARS,BTC,smooth_12,delayed_stress
1.925,0.0433333275556,0.455,0.0407683338911,ARS,BTC,smooth_12,delayed_stress
1.95,0.0399999946667,0.44665,0.0379882577674,ARS,BTC,smooth_12,delayed_stress
1.975,0.0366666617778,0.4406,0.0329480806596,ARS,BTC,smooth_12,delayed_stress
2,0.0333333288889,0.43295,0.0308092972942,ARS,BTC,smooth_12,delayed_stress
2.025,0.029999996,0.42695,0.0287775981248,ARS,BTC,smooth_12,delayed_stress
2.05,0.0266666631111,0.42145,0.0266695074012,ARS,BTC,smooth_12,delayed_stress
2.075,0.0233333302222,0.386,0.0249811917006,ARS,BTC,smooth_12,delayed_stress
2.1,0.0199999973333,0.3813,0.0228253890073,ARS,BTC,smooth_12,delayed_stress
2.125,0.0166666644444,0.3742,0.0209848221379,ARS,BTC,smooth_12,delayed_stress
2.15,0.0133333315556,0.3599,0.0194042221723,ARS,BTC,smooth_12,delayed_stress
2.175,0.00999999866667,0.34675,0.0188398165679,ARS,BTC,smooth_12,delayed_stress
2.2,0.00666666577778,0.34005,0.016999021503,ARS,BTC,smooth_12,delayed_stress
2.225,0.00333333288889,0.3357,0.0153454234409,ARS,BTC,smooth_12,delayed_stress
2.25,6.66666577778e-08,0.32075,0.0144299262369,ARS,BTC,smooth_12,delayed_stress
1.5,6.66666577778e-08,0.6679,0.016244294336,ARS,BTC,partial_adjust,timely
1.525,0.00666666577778,0.628,0.0140231734595,ARS,BTC,partial_adjust,timely
1.55,0.0133333315556,0.62075,0.0119518521331,ARS,BTC,partial_adjust,timely
1.575,0.0199999973333,0.59015,0.0108570527789,ARS,BTC,partial_adjust,timely
1.6,0.0266666631111,0.5843,0.0090003285916,ARS,BTC,partial_adjust,timely
1.625,0.0333333288889,0.5633,0.00732300156829,ARS,BTC,partial_adjust,timely
1.65,0.0399999946667,0.53545,0.0063157017248,ARS,BTC,partial_adjust,timely
1.675,0.0466666604444,0.53015,0.00563179099478,ARS,BTC,partial_adjust,timely
1.7,0.0533333262222,0.506,0.00621850984722,ARS,BTC,partial_adjust,timely
1.725,0.059999992,0.4989,0.00543518951028,ARS,BTC,partial_adjust,timely
1.75,0.0666666577778,0.4937,0.00481181766613,ARS,BTC,partial_adjust,timely
1.775,0.0633333248889,0.48815,0.00411078986047,ARS,BTC,partial_adjust,timely
1.8,0.059999992,0.47095,0.00513254641327,ARS,BTC,partial_adjust,timely
1.825,0.0566666591111,0.4528,0.00414754793248,ARS,BTC,partial_adjust,timely
1.85,0.0533333262222,0.4438,0.00417392031205,ARS,BTC,partial_adjust,timely
1.875,0.0499999933333,0.4274,0.00284724594926,ARS,BTC,partial_adjust,timely
1.9,0.0466666604444,0.422,0.0017157851809,ARS,BTC,partial_adjust,timely
1.925,0.0433333275556,0.41715,0.000715989257051,ARS,BTC,partial_adjust,timely
1.95,0.0399999946667,0.41225,0.000321767081433,ARS,BTC,partial_adjust,timely
1.975,0.0366666617778,0.40685,0.000195646497096,ARS,BTC,partial_adjust,timely
2,0.0333333288889,0.40135,0.000135135368529,ARS,BTC,partial_adjust,timely
2.025,0.029999996,0.3955,9.2073009472e-05,ARS,BTC,partial_adjust,timely
2.05,0.0266666631111,0.3911,5.02269499409e-05,ARS,BTC,partial_adjust,timely
2.075,0.0233333302222,0.35445,2.10314259126e-05,ARS,BTC,partial_adjust,timely
2.1,0.0199999973333,0.34865,8.30127200307e-06,ARS,BTC,partial_adjust,timely
2.125,0.0166666644444,0.322,1.6250580887e-05,ARS,BTC,partial_adjust,timely
2.15,0.0133333315556,0.3171,4.69410266309e-06,ARS,BTC,partial_adjust,timely
2.175,0.00999999866667,0.30955,2.95813108479e-06,ARS,BTC,partial_adjust,timely
2.2,0.00666666577778,0.30355,1.37998266802e-06,ARS,BTC,partial_adjust,timely
2.225,0.00333333288889,0.29085,3.24773880695e-06,ARS,BTC,partial_adjust,timely
2.25,6.66666577778e-08,0.28535,2.73554447219e-07,ARS,BTC,partial_adjust,timely
1.5,6.66666577778e-08,0.6679,0.0490771537352,ARS,BTC,partial_adjust,delay_only
1.525,0.00666666577778,0.628,0.0482761481295,ARS,BTC,partial_adjust,delay_only
1.55,0.0133333315556,0.62075,0.0451440452413,ARS,BTC,partial_adjust,delay_only
1.575,0.0199999973333,0.59015,0.0436802659968,ARS,BTC,partial_adjust,delay_only
1.6,0.0266666631111,0.5843,0.0404592759274,ARS,BTC,partial_adjust,delay_only
1.625,0.0333333288889,0.5633,0.0377011479723,ARS,BTC,partial_adjust,delay_only
1.65,0.0399999946667,0.53545,0.0346663844076,ARS,BTC,partial_adjust,delay_only
1.675,0.0466666604444,0.53015,0.0316164998571,ARS,BTC,partial_adjust,delay_only
1.7,0.0533333262222,0.506,0.0318047718066,ARS,BTC,partial_adjust,delay_only
1.725,0.059999992,0.4989,0.028849777722,ARS,BTC,partial_adjust,delay_only
1.75,0.0666666577778,0.4937,0.0258089290846,ARS,BTC,partial_adjust,delay_only
1.775,0.0633333248889,0.48815,0.0241856843688,ARS,BTC,partial_adjust,delay_only
1.8,0.059999992,0.47095,0.0235090909796,ARS,BTC,partial_adjust,delay_only
1.825,0.0566666591111,0.4528,0.0227185513505,ARS,BTC,partial_adjust,delay_only
1.85,0.0533333262222,0.4438,0.0213870925985,ARS,BTC,partial_adjust,delay_only
1.875,0.0499999933333,0.4274,0.0203962305708,ARS,BTC,partial_adjust,delay_only
1.9,0.0466666604444,0.422,0.0185170763067,ARS,BTC,partial_adjust,delay_only
1.925,0.0433333275556,0.41715,0.0159879647982,ARS,BTC,partial_adjust,delay_only
1.95,0.0399999946667,0.41225,0.014259492751,ARS,BTC,partial_adjust,delay_only
1.975,0.0366666617778,0.40685,0.0127115021018,ARS,BTC,partial_adjust,delay_only
2,0.0333333288889,0.40135,0.0113280577027,ARS,BTC,partial_adjust,delay_only
2.025,0.029999996,0.3955,0.00971479772733,ARS,BTC,partial_adjust,delay_only
2.05,0.0266666631111,0.3911,0.00834935716478,ARS,BTC,partial_adjust,delay_only
2.075,0.0233333302222,0.35445,0.00732281803847,ARS,BTC,partial_adjust,delay_only
2.1,0.0199999973333,0.34865,0.00610159236817,ARS,BTC,partial_adjust,delay_only
2.125,0.0166666644444,0.322,0.00612641684647,ARS,BTC,partial_adjust,delay_only
2.15,0.0133333315556,0.3171,0.00555159570725,ARS,BTC,partial_adjust,delay_only
2.175,0.00999999866667,0.30955,0.00485897498087,ARS,BTC,partial_adjust,delay_only
2.2,0.00666666577778,0.30355,0.00430764735525,ARS,BTC,partial_adjust,delay_only
2.225,0.00333333288889,0.29085,0.00427645512316,ARS,BTC,partial_adjust,delay_only
2.25,6.66666577778e-08,0.28535,0.00384719493676,ARS,BTC,partial_adjust,delay_only
1.5,6.66666577778e-08,0.6679,0.03708186011,ARS,BTC,partial_adjust,haircut_only
1.525,0.00666666577778,0.628,0.0344092893483,ARS,BTC,partial_adjust,haircut_only
1.55,0.0133333315556,0.62075,0.0303480671916,ARS,BTC,partial_adjust,haircut_only
1.575,0.0199999973333,0.59015,0.0285175299506,ARS,BTC,partial_adjust,haircut_only
1.6,0.0266666631111,0.5843,0.0255356550842,ARS,BTC,partial_adjust,haircut_only
1.625,0.0333333288889,0.5633,0.0230509188552,ARS,BTC,partial_adjust,haircut_only
1.65,0.0399999946667,0.53545,0.0203221495136,ARS,BTC,partial_adjust,haircut_only
1.675,0.0466666604444,0.53015,0.0179592869067,ARS,BTC,partial_adjust,haircut_only
1.7,0.0533333262222,0.506,0.0185310252179,ARS,BTC,partial_adjust,haircut_only
1.725,0.059999992,0.4989,0.0164810976049,ARS,BTC,partial_adjust,haircut_only
1.75,0.0666666577778,0.4937,0.0145335732504,ARS,BTC,partial_adjust,haircut_only
1.775,0.0633333248889,0.48815,0.0145251693493,ARS,BTC,partial_adjust,haircut_only
1.8,0.059999992,0.47095,0.0166749646889,ARS,BTC,partial_adjust,haircut_only
1.825,0.0566666591111,0.4528,0.0154042523595,ARS,BTC,partial_adjust,haircut_only
1.85,0.0533333262222,0.4438,0.0176780216791,ARS,BTC,partial_adjust,haircut_only
1.875,0.0499999933333,0.4274,0.0156935180804,ARS,BTC,partial_adjust,haircut_only
1.9,0.0466666604444,0.422,0.0131461562886,ARS,BTC,partial_adjust,haircut_only
1.925,0.0433333275556,0.41715,0.0140382268949,ARS,BTC,partial_adjust,haircut_only
1.95,0.0399999946667,0.41225,0.0114664379354,ARS,BTC,partial_adjust,haircut_only
1.975,0.0366666617778,0.40685,0.00908723714258,ARS,BTC,partial_adjust,haircut_only
2,0.0333333288889,0.40135,0.00718343932533,ARS,BTC,partial_adjust,haircut_only
2.025,0.029999996,0.3955,0.00536597862993,ARS,BTC,partial_adjust,haircut_only
2.05,0.0266666631111,0.3911,0.00366299191727,ARS,BTC,partial_adjust,haircut_only
2.075,0.0233333302222,0.35445,0.00214322352741,ARS,BTC,partial_adjust,haircut_only
2.1,0.0199999973333,0.34865,0.00120152848168,ARS,BTC,partial_adjust,haircut_only
2.125,0.0166666644444,0.322,0.000821612624181,ARS,BTC,partial_adjust,haircut_only
2.15,0.0133333315556,0.3171,0.000565560006417,ARS,BTC,partial_adjust,haircut_only
2.175,0.00999999866667,0.30955,0.000431455316719,ARS,BTC,partial_adjust,haircut_only
2.2,0.00666666577778,0.30355,0.000326291926343,ARS,BTC,partial_adjust,haircut_only
2.225,0.00333333288889,0.29085,0.000282601958975,ARS,BTC,partial_adjust,haircut_only
2.25,6.66666577778e-08,0.28535,0.000211457806943,ARS,BTC,partial_adjust,haircut_only
1.5,6.66666577778e-08,0.6679,0.0699954502086,ARS,BTC,partial_adjust,delayed_stress
1.525,0.00666666577778,0.628,0.0702335541102,ARS,BTC,partial_adjust,delayed_stress
1.55,0.0133333315556,0.62075,0.0668543267968,ARS,BTC,partial_adjust,delayed_stress
1.575,0.0199999973333,0.59015,0.0658965505911,ARS,BTC,partial_adjust,delayed_stress
1.6,0.0266666631111,0.5843,0.062745273696,ARS,BTC,partial_adjust,delayed_stress
1.625,0.0333333288889,0.5633,0.0604274538345,ARS,BTC,partial_adjust,delayed_stress
1.65,0.0399999946667,0.53545,0.0579853578013,ARS,BTC,partial_adjust,delayed_stress
1.675,0.0466666604444,0.53015,0.0549459847917,ARS,BTC,partial_adjust,delayed_stress
1.7,0.0533333262222,0.506,0.0558327847818,ARS,BTC,partial_adjust,delayed_stress
1.725,0.059999992,0.4989,0.052720705652,ARS,BTC,partial_adjust,delayed_stress
1.75,0.0666666577778,0.4937,0.0493702152613,ARS,BTC,partial_adjust,delayed_stress
1.775,0.0633333248889,0.48815,0.0474983918492,ARS,BTC,partial_adjust,delayed_stress
1.8,0.059999992,0.47095,0.0458662208651,ARS,BTC,partial_adjust,delayed_stress
1.825,0.0566666591111,0.4528,0.0445272518716,ARS,BTC,partial_adjust,delayed_stress
1.85,0.0533333262222,0.4438,0.0410756766222,ARS,BTC,partial_adjust,delayed_stress
1.875,0.0499999933333,0.4274,0.0390605710911,ARS,BTC,partial_adjust,delayed_stress
1.9,0.0466666604444,0.422,0.0359447647724,ARS,BTC,partial_adjust,delayed_stress
1.925,0.0433333275556,0.41715,0.0303657993766,ARS,BTC,partial_adjust,delayed_stress
1.95,0.0399999946667,0.41225,0.0274928864413,ARS,BTC,partial_adjust,delayed_stress
1.975,0.0366666617778,0.40685,0.0255092333488,ARS,BTC,partial_adjust,delayed_stress
2,0.0333333288889,0.40135,0.0237213852973,ARS,BTC,partial_adjust,delayed_stress
2.025,0.029999996,0.3955,0.0217101699013,ARS,BTC,partial_adjust,delayed_stress
2.05,0.0266666631111,0.3911,0.0197489821959,ARS,BTC,partial_adjust,delayed_stress
2.075,0.0233333302222,0.35445,0.0183462255075,ARS,BTC,partial_adjust,delayed_stress
2.1,0.0199999973333,0.34865,0.0163031808387,ARS,BTC,partial_adjust,delayed_stress
2.125,0.0166666644444,0.322,0.015913981575,ARS,BTC,partial_adjust,delayed_stress
2.15,0.0133333315556,0.3171,0.0143705226167,ARS,BTC,partial_adjust,delayed_stress
2.175,0.00999999866667,0.30955,0.0125918931185,ARS,BTC,partial_adjust,delayed_stress
2.2,0.00666666577778,0.30355,0.0109761318224,ARS,BTC,partial_adjust,delayed_stress
2.225,0.00333333288889,0.29085,0.0104184934975,ARS,BTC,partial_adjust,delayed_stress
2.25,6.66666577778e-08,0.28535,0.00921080398443,ARS,BTC,partial_adjust,delayed_stress
1.5,6.66666577778e-08,0.6949,0.0179660343923,ARS,BTC,lower_cap,timely
1.525,0.00666666577778,0.6582,0.0163771774325,ARS,BTC,lower_cap,timely
1.55,0.0133333315556,0.64975,0.0140866744741,ARS,BTC,lower_cap,timely
1.575,0.0199999973333,0.62395,0.0127819196568,ARS,BTC,lower_cap,timely
1.6,0.0266666631111,0.6165,0.0109054595713,ARS,BTC,lower_cap,timely
1.625,0.0333333288889,0.61035,0.00901395788932,ARS,BTC,lower_cap,timely
1.65,0.0399999946667,0.56595,0.00852133496225,ARS,BTC,lower_cap,timely
1.675,0.0466666604444,0.55735,0.0077509873108,ARS,BTC,lower_cap,timely
1.7,0.0533333262222,0.55015,0.00641912137201,ARS,BTC,lower_cap,timely
1.725,0.059999992,0.54535,0.00569521294828,ARS,BTC,lower_cap,timely
1.75,0.0666666577778,0.53965,0.0052468494652,ARS,BTC,lower_cap,timely
1.775,0.0633333248889,0.52545,0.00506179221681,ARS,BTC,lower_cap,timely
1.8,0.059999992,0.51375,0.00652114620861,ARS,BTC,lower_cap,timely
1.825,0.0566666591111,0.48765,0.00560031910751,ARS,BTC,lower_cap,timely
1.85,0.0533333262222,0.47905,0.00544817933209,ARS,BTC,lower_cap,timely
1.875,0.0499999933333,0.4728,0.00380090516539,ARS,BTC,lower_cap,timely
1.9,0.0466666604444,0.4587,0.00261854815222,ARS,BTC,lower_cap,timely
1.925,0.0433333275556,0.4519,0.00162568518824,ARS,BTC,lower_cap,timely
1.95,0.0399999946667,0.44215,0.000567653616106,ARS,BTC,lower_cap,timely
1.975,0.0366666617778,0.43645,0.00035979404309,ARS,BTC,lower_cap,timely
2,0.0333333288889,0.4291,0.000244909117724,ARS,BTC,lower_cap,timely
2.025,0.029999996,0.423,0.000167934603455,ARS,BTC,lower_cap,timely
2.05,0.0266666631111,0.4179,0.000112210934264,ARS,BTC,lower_cap,timely
2.075,0.0233333302222,0.3826,6.56997993327e-05,ARS,BTC,lower_cap,timely
2.1,0.0199999973333,0.3777,2.4491823067e-05,ARS,BTC,lower_cap,timely
2.125,0.0166666644444,0.3705,6.51251912572e-06,ARS,BTC,lower_cap,timely
2.15,0.0133333315556,0.3568,4.34263083085e-06,ARS,BTC,lower_cap,timely
2.175,0.00999999866667,0.34395,5.15715235752e-06,ARS,BTC,lower_cap,timely
2.2,0.00666666577778,0.33755,2.90741918686e-06,ARS,BTC,lower_cap,timely
2.225,0.00333333288889,0.33265,3.11009297377e-06,ARS,BTC,lower_cap,timely
2.25,6.66666577778e-08,0.3187,5.1101586668e-06,ARS,BTC,lower_cap,timely
1.5,6.66666577778e-08,0.6949,0.0528854186284,ARS,BTC,lower_cap,delay_only
1.525,0.00666666577778,0.6582,0.0529304860266,ARS,BTC,lower_cap,delay_only
1.55,0.0133333315556,0.64975,0.0497271249584,ARS,BTC,lower_cap,delay_only
1.575,0.0199999973333,0.62395,0.0483379904897,ARS,BTC,lower_cap,delay_only
1.6,0.0266666631111,0.6165,0.0456837742957,ARS,BTC,lower_cap,delay_only
1.625,0.0333333288889,0.61035,0.0423790078557,ARS,BTC,lower_cap,delay_only
1.65,0.0399999946667,0.56595,0.0421189472999,ARS,BTC,lower_cap,delay_only
1.675,0.0466666604444,0.55735,0.0393252766197,ARS,BTC,lower_cap,delay_only
1.7,0.0533333262222,0.55015,0.0362347672385,ARS,BTC,lower_cap,delay_only
1.725,0.059999992,0.54535,0.0331450269754,ARS,BTC,lower_cap,delay_only
1.75,0.0666666577778,0.53965,0.0304719880553,ARS,BTC,lower_cap,delay_only
1.775,0.0633333248889,0.52545,0.0296378670641,ARS,BTC,lower_cap,delay_only
1.8,0.059999992,0.51375,0.0288043288335,ARS,BTC,lower_cap,delay_only
1.825,0.0566666591111,0.48765,0.0290548708024,ARS,BTC,lower_cap,delay_only
1.85,0.0533333262222,0.47905,0.0276525202659,ARS,BTC,lower_cap,delay_only
1.875,0.0499999933333,0.4728,0.0255456203633,ARS,BTC,lower_cap,delay_only
1.9,0.0466666604444,0.4587,0.0241004345004,ARS,BTC,lower_cap,delay_only
1.925,0.0433333275556,0.4519,0.0228689279981,ARS,BTC,lower_cap,delay_only
1.95,0.0399999946667,0.44215,0.0210809788121,ARS,BTC,lower_cap,delay_only
1.975,0.0366666617778,0.43645,0.0175493514803,ARS,BTC,lower_cap,delay_only
2,0.0333333288889,0.4291,0.0157116571492,ARS,BTC,lower_cap,delay_only
2.025,0.029999996,0.423,0.0140566936179,ARS,BTC,lower_cap,delay_only
2.05,0.0266666631111,0.4179,0.0125452904694,ARS,BTC,lower_cap,delay_only
2.075,0.0233333302222,0.3826,0.0111801742441,ARS,BTC,lower_cap,delay_only
2.1,0.0199999973333,0.3777,0.00986293568036,ARS,BTC,lower_cap,delay_only
2.125,0.0166666644444,0.3705,0.00863363428501,ARS,BTC,lower_cap,delay_only
2.15,0.0133333315556,0.3568,0.00778702312884,ARS,BTC,lower_cap,delay_only
2.175,0.00999999866667,0.34395,0.00748595448692,ARS,BTC,lower_cap,delay_only
2.2,0.00666666577778,0.33755,0.00653237853763,ARS,BTC,lower_cap,delay_only
2.225,0.00333333288889,0.33265,0.00579338009435,ARS,BTC,lower_cap,delay_only
2.25,6.66666577778e-08,0.3187,0.00562580083992,ARS,BTC,lower_cap,delay_only
1.5,6.66666577778e-08,0.6949,0.0391966197556,ARS,BTC,lower_cap,haircut_only
1.525,0.00666666577778,0.6582,0.0375017147344,ARS,BTC,lower_cap,haircut_only
1.55,0.0133333315556,0.64975,0.0333776806562,ARS,BTC,lower_cap,haircut_only
1.575,0.0199999973333,0.62395,0.0313350644851,ARS,BTC,lower_cap,haircut_only
1.6,0.0266666631111,0.6165,0.0285825982735,ARS,BTC,lower_cap,haircut_only
1.625,0.0333333288889,0.61035,0.0257137306,ARS,BTC,lower_cap,haircut_only
1.65,0.0399999946667,0.56595,0.0243595473552,ARS,BTC,lower_cap,haircut_only
1.675,0.0466666604444,0.55735,0.0225884646393,ARS,BTC,lower_cap,haircut_only
1.7,0.0533333262222,0.55015,0.0202160759981,ARS,BTC,lower_cap,haircut_only
1.725,0.059999992,0.54535,0.017984201107,ARS,BTC,lower_cap,haircut_only
1.75,0.0666666577778,0.53965,0.0159879490462,ARS,BTC,lower_cap,haircut_only
1.775,0.0633333248889,0.52545,0.0170847439226,ARS,BTC,lower_cap,haircut_only
1.8,0.059999992,0.51375,0.0197577759835,ARS,BTC,lower_cap,haircut_only
1.825,0.0566666591111,0.48765,0.0191801485585,ARS,BTC,lower_cap,haircut_only
1.85,0.0533333262222,0.47905,0.0210701539793,ARS,BTC,lower_cap,haircut_only
1.875,0.0499999933333,0.4728,0.0180050681156,ARS,BTC,lower_cap,haircut_only
1.9,0.0466666604444,0.4587,0.0159282133616,ARS,BTC,lower_cap,haircut_only
1.925,0.0433333275556,0.4519,0.0155608446388,ARS,BTC,lower_cap,haircut_only
1.95,0.0399999946667,0.44215,0.0128181533141,ARS,BTC,lower_cap,haircut_only
1.975,0.0366666617778,0.43645,0.0120756273574,ARS,BTC,lower_cap,haircut_only
2,0.0333333288889,0.4291,0.00990283703282,ARS,BTC,lower_cap,haircut_only
2.025,0.029999996,0.423,0.00774254417906,ARS,BTC,lower_cap,haircut_only
2.05,0.0266666631111,0.4179,0.00570597258435,ARS,BTC,lower_cap,haircut_only
2.075,0.0233333302222,0.3826,0.00396339212476,ARS,BTC,lower_cap,haircut_only
2.1,0.0199999973333,0.3777,0.00216964756663,ARS,BTC,lower_cap,haircut_only
2.125,0.0166666644444,0.3705,0.000969951750634,ARS,BTC,lower_cap,haircut_only
2.15,0.0133333315556,0.3568,0.000827833241974,ARS,BTC,lower_cap,haircut_only
2.175,0.00999999866667,0.34395,0.000684955030742,ARS,BTC,lower_cap,haircut_only
2.2,0.00666666577778,0.33755,0.000503712836791,ARS,BTC,lower_cap,haircut_only
2.225,0.00333333288889,0.33265,0.000391102530238,ARS,BTC,lower_cap,haircut_only
2.25,6.66666577778e-08,0.3187,0.000414626094675,ARS,BTC,lower_cap,haircut_only
1.5,6.66666577778e-08,0.6949,0.0749189779515,ARS,BTC,lower_cap,delayed_stress
1.525,0.00666666577778,0.6582,0.0757441992887,ARS,BTC,lower_cap,delayed_stress
1.55,0.0133333315556,0.64975,0.0722838864992,ARS,BTC,lower_cap,delayed_stress
1.575,0.0199999973333,0.62395,0.0713732005207,ARS,BTC,lower_cap,delayed_stress
1.6,0.0266666631111,0.6165,0.0688515552,ARS,BTC,lower_cap,delayed_stress
1.625,0.0333333288889,0.61035,0.0655568520266,ARS,BTC,lower_cap,delayed_stress
1.65,0.0399999946667,0.56595,0.067167884833,ARS,BTC,lower_cap,delayed_stress
1.675,0.0466666604444,0.55735,0.0644321168671,ARS,BTC,lower_cap,delayed_stress
1.7,0.0533333262222,0.55015,0.0609766305113,ARS,BTC,lower_cap,delayed_stress
1.725,0.059999992,0.54535,0.0575608164658,ARS,BTC,lower_cap,delayed_stress
1.75,0.0666666577778,0.53965,0.0546864893422,ARS,BTC,lower_cap,delayed_stress
1.775,0.0633333248889,0.52545,0.0541579298685,ARS,BTC,lower_cap,delayed_stress
1.8,0.059999992,0.51375,0.0522525538678,ARS,BTC,lower_cap,delayed_stress
1.825,0.0566666591111,0.48765,0.0529994149169,ARS,BTC,lower_cap,delayed_stress
1.85,0.0533333262222,0.47905,0.0499232914634,ARS,BTC,lower_cap,delayed_stress
1.875,0.0499999933333,0.4728,0.0462730952363,ARS,BTC,lower_cap,delayed_stress
1.9,0.0466666604444,0.4587,0.0436612022977,ARS,BTC,lower_cap,delayed_stress
1.925,0.0433333275556,0.4519,0.0397519314407,ARS,BTC,lower_cap,delayed_stress
1.95,0.0399999946667,0.44215,0.0370016891986,ARS,BTC,lower_cap,delayed_stress
1.975,0.0366666617778,0.43645,0.0319744078688,ARS,BTC,lower_cap,delayed_stress
2,0.0333333288889,0.4291,0.0297710925487,ARS,BTC,lower_cap,delayed_stress
2.025,0.029999996,0.423,0.0277973059646,ARS,BTC,lower_cap,delayed_stress
2.05,0.0266666631111,0.4179,0.025789846851,ARS,BTC,lower_cap,delayed_stress
2.075,0.0233333302222,0.3826,0.0240482350598,ARS,BTC,lower_cap,delayed_stress
2.1,0.0199999973333,0.3777,0.0219763697792,ARS,BTC,lower_cap,delayed_stress
2.125,0.0166666644444,0.3705,0.0201076991604,ARS,BTC,lower_cap,delayed_stress
2.15,0.0133333315556,0.3568,0.0186354557183,ARS,BTC,lower_cap,delayed_stress
2.175,0.00999999866667,0.34395,0.0181357685365,ARS,BTC,lower_cap,delayed_stress
2.2,0.00666666577778,0.33755,0.0164258986898,ARS,BTC,lower_cap,delayed_stress
2.225,0.00333333288889,0.33265,0.0146473487664,ARS,BTC,lower_cap,delayed_stress
2.25,6.66666577778e-08,0.3187,0.0138146052598,ARS,BTC,lower_cap,delayed_stress
1.5,6.66666577778e-08,0.55315,0.0291196548945,TRY,ETH,static_20,timely
1.525,0.00666666577778,0.5332,0.0273091171546,TRY,ETH,static_20,timely
1.55,0.0133333315556,0.52885,0.0254029400767,TRY,ETH,static_20,timely
1.575,0.0199999973333,0.50625,0.023506075038,TRY,ETH,static_20,timely
1.6,0.0266666631111,0.4824,0.0221326257144,TRY,ETH,static_20,timely
1.625,0.0333333288889,0.43245,0.0211537633716,TRY,ETH,static_20,timely
1.65,0.0399999946667,0.427,0.0191872035155,TRY,ETH,static_20,timely
1.675,0.0466666604444,0.39735,0.0175172670087,TRY,ETH,static_20,timely
1.7,0.0533333262222,0.3913,0.0161835496733,TRY,ETH,static_20,timely
1.725,0.059999992,0.3703,0.0144048478499,TRY,ETH,static_20,timely
1.75,0.0666666577778,0.36315,0.0126017832054,TRY,ETH,static_20,timely
1.775,0.0633333248889,0.35865,0.0108716264678,TRY,ETH,static_20,timely
1.8,0.059999992,0.35615,0.00937325224816,TRY,ETH,static_20,timely
1.825,0.0566666591111,0.33915,0.00849617564675,TRY,ETH,static_20,timely
1.85,0.0533333262222,0.3339,0.00764939164461,TRY,ETH,static_20,timely
1.875,0.0499999933333,0.31745,0.0071316237514,TRY,ETH,static_20,timely
1.9,0.0466666604444,0.31445,0.00613451643882,TRY,ETH,static_20,timely
1.925,0.0433333275556,0.29675,0.00805833114181,TRY,ETH,static_20,timely
1.95,0.0399999946667,0.2917,0.00692070010689,TRY,ETH,static_20,timely
1.975,0.0366666617778,0.2863,0.00579302922002,TRY,ETH,static_20,timely
2,0.0333333288889,0.28115,0.00471251608291,TRY,ETH,static_20,timely
2.025,0.029999996,0.26555,0.00388480837742,TRY,ETH,static_20,timely
2.05,0.0266666631111,0.26275,0.00505763067625,TRY,ETH,static_20,timely
2.075,0.0233333302222,0.25745,0.00422286547889,TRY,ETH,static_20,timely
2.1,0.0199999973333,0.2538,0.00339290319629,TRY,ETH,static_20,timely
2.125,0.0166666644444,0.24985,0.00258575804796,TRY,ETH,static_20,timely
2.15,0.0133333315556,0.2441,0.00180521138056,TRY,ETH,static_20,timely
2.175,0.00999999866667,0.2269,0.00109928163257,TRY,ETH,static_20,timely
2.2,0.00666666577778,0.2046,0.000611516413229,TRY,ETH,static_20,timely
2.225,0.00333333288889,0.20095,0.000287296852976,TRY,ETH,static_20,timely
2.25,6.66666577778e-08,0.15955,0.000158846877633,TRY,ETH,static_20,timely
1.5,6.66666577778e-08,0.55315,0.0466445413871,TRY,ETH,static_20,delay_only
1.525,0.00666666577778,0.5332,0.0448315986766,TRY,ETH,static_20,delay_only
1.55,0.0133333315556,0.52885,0.0428198979857,TRY,ETH,static_20,delay_only
1.575,0.0199999973333,0.50625,0.0409840938355,TRY,ETH,static_20,delay_only
1.6,0.0266666631111,0.4824,0.039693615089,TRY,ETH,static_20,delay_only
1.625,0.0333333288889,0.43245,0.0397452246287,TRY,ETH,static_20,delay_only
1.65,0.0399999946667,0.427,0.0376333735225,TRY,ETH,static_20,delay_only
1.675,0.0466666604444,0.39735,0.0358363926994,TRY,ETH,static_20,delay_only
1.7,0.0533333262222,0.3913,0.0341295657927,TRY,ETH,static_20,delay_only
1.725,0.059999992,0.3703,0.032513650743,TRY,ETH,static_20,delay_only
1.75,0.0666666577778,0.36315,0.0308078208841,TRY,ETH,static_20,delay_only
1.775,0.0633333248889,0.35865,0.0287889374596,TRY,ETH,static_20,delay_only
1.8,0.059999992,0.35615,0.0273160929675,TRY,ETH,static_20,delay_only
1.825,0.0566666591111,0.33915,0.0260041879024,TRY,ETH,static_20,delay_only
1.85,0.0533333262222,0.3339,0.0241416804072,TRY,ETH,static_20,delay_only
1.875,0.0499999933333,0.31745,0.0232260805854,TRY,ETH,static_20,delay_only
1.9,0.0466666604444,0.31445,0.0213258618506,TRY,ETH,static_20,delay_only
1.925,0.0433333275556,0.29675,0.0177095689491,TRY,ETH,static_20,delay_only
1.95,0.0399999946667,0.2917,0.0159724560264,TRY,ETH,static_20,delay_only
1.975,0.0366666617778,0.2863,0.0147013742623,TRY,ETH,static_20,delay_only
2,0.0333333288889,0.28115,0.0135787870755,TRY,ETH,static_20,delay_only
2.025,0.029999996,0.26555,0.0129353836604,TRY,ETH,static_20,delay_only
2.05,0.0266666631111,0.26275,0.00835451341474,TRY,ETH,static_20,delay_only
2.075,0.0233333302222,0.25745,0.00745362418559,TRY,ETH,static_20,delay_only
2.1,0.0199999973333,0.2538,0.0067267383451,TRY,ETH,static_20,delay_only
2.125,0.0166666644444,0.24985,0.00604542013758,TRY,ETH,static_20,delay_only
2.15,0.0133333315556,0.2441,0.00539596438654,TRY,ETH,static_20,delay_only
2.175,0.00999999866667,0.2269,0.00523918557877,TRY,ETH,static_20,delay_only
2.2,0.00666666577778,0.2046,0.00458998850949,TRY,ETH,static_20,delay_only
2.225,0.00333333288889,0.20095,0.00405164981214,TRY,ETH,static_20,delay_only
2.25,6.66666577778e-08,0.15955,0.00381995015112,TRY,ETH,static_20,delay_only
1.5,6.66666577778e-08,0.55315,0.0399018748045,TRY,ETH,static_20,haircut_only
1.525,0.00666666577778,0.5332,0.0377096084022,TRY,ETH,static_20,haircut_only
1.55,0.0133333315556,0.52885,0.0351401158826,TRY,ETH,static_20,haircut_only
1.575,0.0199999973333,0.50625,0.0329437797057,TRY,ETH,static_20,haircut_only
1.6,0.0266666631111,0.4824,0.0313906169321,TRY,ETH,static_20,haircut_only
1.625,0.0333333288889,0.43245,0.0311066788982,TRY,ETH,static_20,haircut_only
1.65,0.0399999946667,0.427,0.0288858425306,TRY,ETH,static_20,haircut_only
1.675,0.0466666604444,0.39735,0.0270404510656,TRY,ETH,static_20,haircut_only
1.7,0.0533333262222,0.3913,0.0255750991862,TRY,ETH,static_20,haircut_only
1.725,0.059999992,0.3703,0.0236859335741,TRY,ETH,static_20,haircut_only
1.75,0.0666666577778,0.36315,0.0215894343554,TRY,ETH,static_20,haircut_only
1.775,0.0633333248889,0.35865,0.0192653401606,TRY,ETH,static_20,haircut_only
1.8,0.059999992,0.35615,0.017206973669,TRY,ETH,static_20,haircut_only
1.825,0.0566666591111,0.33915,0.0162211019646,TRY,ETH,static_20,haircut_only
1.85,0.0533333262222,0.3339,0.0142943974835,TRY,ETH,static_20,haircut_only
1.875,0.0499999933333,0.31745,0.0131063672926,TRY,ETH,static_20,haircut_only
1.9,0.0466666604444,0.31445,0.0109668128649,TRY,ETH,static_20,haircut_only
1.925,0.0433333275556,0.29675,0.0139735315719,TRY,ETH,static_20,haircut_only
1.95,0.0399999946667,0.2917,0.0126142967924,TRY,ETH,static_20,haircut_only
1.975,0.0366666617778,0.2863,0.0114710118466,TRY,ETH,static_20,haircut_only
2,0.0333333288889,0.28115,0.0103578303979,TRY,ETH,static_20,haircut_only
2.025,0.029999996,0.26555,0.00949702362541,TRY,ETH,static_20,haircut_only
2.05,0.0266666631111,0.26275,0.0119190182691,TRY,ETH,static_20,haircut_only
2.075,0.0233333302222,0.25745,0.0105366563288,TRY,ETH,static_20,haircut_only
2.1,0.0199999973333,0.2538,0.00934493536692,TRY,ETH,static_20,haircut_only
2.125,0.0166666644444,0.24985,0.0083244123895,TRY,ETH,static_20,haircut_only
2.15,0.0133333315556,0.2441,0.00745785827017,TRY,ETH,static_20,haircut_only
2.175,0.00999999866667,0.2269,0.00675253769323,TRY,ETH,static_20,haircut_only
2.2,0.00666666577778,0.2046,0.00615343070626,TRY,ETH,static_20,haircut_only
2.225,0.00333333288889,0.20095,0.00537876152968,TRY,ETH,static_20,haircut_only
2.25,6.66666577778e-08,0.15955,0.0048311778956,TRY,ETH,static_20,haircut_only
1.5,6.66666577778e-08,0.55315,0.0578852444846,TRY,ETH,static_20,delayed_stress
1.525,0.00666666577778,0.5332,0.056060376781,TRY,ETH,static_20,delayed_stress
1.55,0.0133333315556,0.52885,0.0533378014752,TRY,ETH,static_20,delayed_stress
1.575,0.0199999973333,0.50625,0.0511766158729,TRY,ETH,static_20,delayed_stress
1.6,0.0266666631111,0.4824,0.0495617401047,TRY,ETH,static_20,delayed_stress
1.625,0.0333333288889,0.43245,0.0496977813409,TRY,ETH,static_20,delayed_stress
1.65,0.0399999946667,0.427,0.0471872260684,TRY,ETH,static_20,delayed_stress
1.675,0.0466666604444,0.39735,0.0452332460183,TRY,ETH,static_20,delayed_stress
1.7,0.0533333262222,0.3913,0.0435242258908,TRY,ETH,static_20,delayed_stress
1.725,0.059999992,0.3703,0.0422534257327,TRY,ETH,static_20,delayed_stress
1.75,0.0666666577778,0.36315,0.04078617495,TRY,ETH,static_20,delayed_stress
1.775,0.0633333248889,0.35865,0.0386245405782,TRY,ETH,static_20,delayed_stress
1.8,0.059999992,0.35615,0.0370463823728,TRY,ETH,static_20,delayed_stress
1.825,0.0566666591111,0.33915,0.035661790853,TRY,ETH,static_20,delayed_stress
1.85,0.0533333262222,0.3339,0.0338154231568,TRY,ETH,static_20,delayed_stress
1.875,0.0499999933333,0.31745,0.0332335473953,TRY,ETH,static_20,delayed_stress
1.9,0.0466666604444,0.31445,0.0312591943321,TRY,ETH,static_20,delayed_stress
1.925,0.0433333275556,0.29675,0.0270897341181,TRY,ETH,static_20,delayed_stress
1.95,0.0399999946667,0.2917,0.0252340559505,TRY,ETH,static_20,delayed_stress
1.975,0.0366666617778,0.2863,0.0233294053125,TRY,ETH,static_20,delayed_stress
2,0.0333333288889,0.28115,0.0199442019341,TRY,ETH,static_20,delayed_stress
2.025,0.029999996,0.26555,0.0189226531971,TRY,ETH,static_20,delayed_stress
2.05,0.0266666631111,0.26275,0.0142418299596,TRY,ETH,static_20,delayed_stress
2.075,0.0233333302222,0.25745,0.0131239839978,TRY,ETH,static_20,delayed_stress
2.1,0.0199999973333,0.2538,0.0120474804825,TRY,ETH,static_20,delayed_stress
2.125,0.0166666644444,0.24985,0.0110531895778,TRY,ETH,static_20,delayed_stress
2.15,0.0133333315556,0.2441,0.0103205758802,TRY,ETH,static_20,delayed_stress
2.175,0.00999999866667,0.2269,0.010334016437,TRY,ETH,static_20,delayed_stress
2.2,0.00666666577778,0.2046,0.00962981609593,TRY,ETH,static_20,delayed_stress
2.225,0.00333333288889,0.20095,0.008920717871,TRY,ETH,static_20,delayed_stress
2.25,6.66666577778e-08,0.15955,0.00861659933321,TRY,ETH,static_20,delayed_stress
1.5,6.66666577778e-08,0.6277,0.0365157539972,TRY,ETH,adaptive_75,timely
1.525,0.00666666577778,0.6015,0.0358304210997,TRY,ETH,adaptive_75,timely
1.55,0.0133333315556,0.5952,0.0333141138224,TRY,ETH,adaptive_75,timely
1.575,0.0199999973333,0.58,0.0312763663411,TRY,ETH,adaptive_75,timely
1.6,0.0266666631111,0.5571,0.0287158475517,TRY,ETH,adaptive_75,timely
1.625,0.0333333288889,0.5238,0.0264127187433,TRY,ETH,adaptive_75,timely
1.65,0.0399999946667,0.51155,0.0249402290207,TRY,ETH,adaptive_75,timely
1.675,0.0466666604444,0.4703,0.0235201668935,TRY,ETH,adaptive_75,timely
1.7,0.0533333262222,0.44875,0.0210121551016,TRY,ETH,adaptive_75,timely
1.725,0.059999992,0.44145,0.018291762077,TRY,ETH,adaptive_75,timely
1.75,0.0666666577778,0.43565,0.0163119810447,TRY,ETH,adaptive_75,timely
1.775,0.0633333248889,0.42855,0.0145951739926,TRY,ETH,adaptive_75,timely
1.8,0.059999992,0.4224,0.0129616688335,TRY,ETH,adaptive_75,timely
1.825,0.0566666591111,0.4165,0.0118264481759,TRY,ETH,adaptive_75,timely
1.85,0.0533333262222,0.4124,0.0108471129937,TRY,ETH,adaptive_75,timely
1.875,0.0499999933333,0.395,0.0100849821553,TRY,ETH,adaptive_75,timely
1.9,0.0466666604444,0.39065,0.00893453114225,TRY,ETH,adaptive_75,timely
1.925,0.0433333275556,0.38645,0.0108294086207,TRY,ETH,adaptive_75,timely
1.95,0.0399999946667,0.38035,0.009655635421,TRY,ETH,adaptive_75,timely
1.975,0.0366666617778,0.37615,0.00840129471477,TRY,ETH,adaptive_75,timely
2,0.0333333288889,0.36255,0.00737608612226,TRY,ETH,adaptive_75,timely
2.025,0.029999996,0.3469,0.00645667545877,TRY,ETH,adaptive_75,timely
2.05,0.0266666631111,0.34175,0.00882537191008,TRY,ETH,adaptive_75,timely
2.075,0.0233333302222,0.3341,0.00777211578391,TRY,ETH,adaptive_75,timely
2.1,0.0199999973333,0.3289,0.00684988801056,TRY,ETH,adaptive_75,timely
2.125,0.0166666644444,0.32485,0.00592405970107,TRY,ETH,adaptive_75,timely
2.15,0.0133333315556,0.3199,0.00498347870019,TRY,ETH,adaptive_75,timely
2.175,0.00999999866667,0.3041,0.00412782514262,TRY,ETH,adaptive_75,timely
2.2,0.00666666577778,0.28455,0.00328124578516,TRY,ETH,adaptive_75,timely
2.225,0.00333333288889,0.27975,0.00249305388997,TRY,ETH,adaptive_75,timely
2.25,6.66666577778e-08,0.2752,0.00196359820377,TRY,ETH,adaptive_75,timely
1.5,6.66666577778e-08,0.6277,0.0648922567584,TRY,ETH,adaptive_75,delay_only
1.525,0.00666666577778,0.6015,0.0654519955529,TRY,ETH,adaptive_75,delay_only
1.55,0.0133333315556,0.5952,0.0631761931279,TRY,ETH,adaptive_75,delay_only
1.575,0.0199999973333,0.58,0.0623235037514,TRY,ETH,adaptive_75,delay_only
1.6,0.0266666631111,0.5571,0.0603431939367,TRY,ETH,adaptive_75,delay_only
1.625,0.0333333288889,0.5238,0.0594075594788,TRY,ETH,adaptive_75,delay_only
1.65,0.0399999946667,0.51155,0.0585886961184,TRY,ETH,adaptive_75,delay_only
1.675,0.0466666604444,0.4703,0.0578665887725,TRY,ETH,adaptive_75,delay_only
1.7,0.0533333262222,0.44875,0.0557582817384,TRY,ETH,adaptive_75,delay_only
1.725,0.059999992,0.44145,0.0531620874614,TRY,ETH,adaptive_75,delay_only
1.75,0.0666666577778,0.43565,0.0506231734483,TRY,ETH,adaptive_75,delay_only
1.775,0.0633333248889,0.42855,0.0482032276697,TRY,ETH,adaptive_75,delay_only
1.8,0.059999992,0.4224,0.0455129940106,TRY,ETH,adaptive_75,delay_only
1.825,0.0566666591111,0.4165,0.042802372258,TRY,ETH,adaptive_75,delay_only
1.85,0.0533333262222,0.4124,0.0401376933879,TRY,ETH,adaptive_75,delay_only
1.875,0.0499999933333,0.395,0.0385624317475,TRY,ETH,adaptive_75,delay_only
1.9,0.0466666604444,0.39065,0.0363512929078,TRY,ETH,adaptive_75,delay_only
1.925,0.0433333275556,0.38645,0.0319135901314,TRY,ETH,adaptive_75,delay_only
1.95,0.0399999946667,0.38035,0.0296851920189,TRY,ETH,adaptive_75,delay_only
1.975,0.0366666617778,0.37615,0.0279921498591,TRY,ETH,adaptive_75,delay_only
2,0.0333333288889,0.36255,0.026667050653,TRY,ETH,adaptive_75,delay_only
2.025,0.029999996,0.3469,0.0257288336097,TRY,ETH,adaptive_75,delay_only
2.05,0.0266666631111,0.34175,0.0224539049326,TRY,ETH,adaptive_75,delay_only
2.075,0.0233333302222,0.3341,0.0210882814432,TRY,ETH,adaptive_75,delay_only
2.1,0.0199999973333,0.3289,0.0195858097549,TRY,ETH,adaptive_75,delay_only
2.125,0.0166666644444,0.32485,0.018072570246,TRY,ETH,adaptive_75,delay_only
2.15,0.0133333315556,0.3199,0.0167291465683,TRY,ETH,adaptive_75,delay_only
2.175,0.00999999866667,0.3041,0.0161675420665,TRY,ETH,adaptive_75,delay_only
2.2,0.00666666577778,0.28455,0.015180470467,TRY,ETH,adaptive_75,delay_only
2.225,0.00333333288889,0.27975,0.013459235215,TRY,ETH,adaptive_75,delay_only
2.25,6.66666577778e-08,0.2752,0.0126180640902,TRY,ETH,adaptive_75,delay_only
1.5,6.66666577778e-08,0.6277,0.048856855232,TRY,ETH,adaptive_75,haircut_only
1.525,0.00666666577778,0.6015,0.0490072751509,TRY,ETH,adaptive_75,haircut_only
1.55,0.0133333315556,0.5952,0.0466607972007,TRY,ETH,adaptive_75,haircut_only
1.575,0.0199999973333,0.58,0.0451553653042,TRY,ETH,adaptive_75,haircut_only
1.6,0.0266666631111,0.5571,0.0427749734313,TRY,ETH,adaptive_75,haircut_only
1.625,0.0333333288889,0.5238,0.041099041567,TRY,ETH,adaptive_75,haircut_only
1.65,0.0399999946667,0.51155,0.0399427901239,TRY,ETH,adaptive_75,haircut_only
1.675,0.0466666604444,0.4703,0.0388743511983,TRY,ETH,adaptive_75,haircut_only
1.7,0.0533333262222,0.44875,0.0362891897266,TRY,ETH,adaptive_75,haircut_only
1.725,0.059999992,0.44145,0.0332170978203,TRY,ETH,adaptive_75,haircut_only
1.75,0.0666666577778,0.43565,0.0306562895083,TRY,ETH,adaptive_75,haircut_only
1.775,0.0633333248889,0.42855,0.0277375503596,TRY,ETH,adaptive_75,haircut_only
1.8,0.059999992,0.4224,0.0249635604247,TRY,ETH,adaptive_75,haircut_only
1.825,0.0566666591111,0.4165,0.0226718156292,TRY,ETH,adaptive_75,haircut_only
1.85,0.0533333262222,0.4124,0.01989616429,TRY,ETH,adaptive_75,haircut_only
1.875,0.0499999933333,0.395,0.0177884458336,TRY,ETH,adaptive_75,haircut_only
1.9,0.0466666604444,0.39065,0.0152481651125,TRY,ETH,adaptive_75,haircut_only
1.925,0.0433333275556,0.38645,0.0178494995108,TRY,ETH,adaptive_75,haircut_only
1.95,0.0399999946667,0.38035,0.0164455970162,TRY,ETH,adaptive_75,haircut_only
1.975,0.0366666617778,0.37615,0.0150692709135,TRY,ETH,adaptive_75,haircut_only
2,0.0333333288889,0.36255,0.014362881786,TRY,ETH,adaptive_75,haircut_only
2.025,0.029999996,0.3469,0.0135182433321,TRY,ETH,adaptive_75,haircut_only
2.05,0.0266666631111,0.34175,0.0172163683349,TRY,ETH,adaptive_75,haircut_only
2.075,0.0233333302222,0.3341,0.0155814528724,TRY,ETH,adaptive_75,haircut_only
2.1,0.0199999973333,0.3289,0.0142903197422,TRY,ETH,adaptive_75,haircut_only
2.125,0.0166666644444,0.32485,0.0130849548166,TRY,ETH,adaptive_75,haircut_only
2.15,0.0133333315556,0.3199,0.0120088349197,TRY,ETH,adaptive_75,haircut_only
2.175,0.00999999866667,0.3041,0.011187261834,TRY,ETH,adaptive_75,haircut_only
2.2,0.00666666577778,0.28455,0.0102371713333,TRY,ETH,adaptive_75,haircut_only
2.225,0.00333333288889,0.27975,0.0092852392709,TRY,ETH,adaptive_75,haircut_only
2.25,6.66666577778e-08,0.2752,0.00834517940879,TRY,ETH,adaptive_75,haircut_only
1.5,6.66666577778e-08,0.6277,0.0786127466785,TRY,ETH,adaptive_75,delayed_stress
1.525,0.00666666577778,0.6015,0.0791786818885,TRY,ETH,adaptive_75,delayed_stress
1.55,0.0133333315556,0.5952,0.0764277226128,TRY,ETH,adaptive_75,delayed_stress
1.575,0.0199999973333,0.58,0.075786702402,TRY,ETH,adaptive_75,delayed_stress
1.6,0.0266666631111,0.5571,0.0739610306182,TRY,ETH,adaptive_75,delayed_stress
1.625,0.0333333288889,0.5238,0.073540615103,TRY,ETH,adaptive_75,delayed_stress
1.65,0.0399999946667,0.51155,0.0730465705524,TRY,ETH,adaptive_75,delayed_stress
1.675,0.0466666604444,0.4703,0.0726541301653,TRY,ETH,adaptive_75,delayed_stress
1.7,0.0533333262222,0.44875,0.0710037598555,TRY,ETH,adaptive_75,delayed_stress
1.725,0.059999992,0.44145,0.0689327191824,TRY,ETH,adaptive_75,delayed_stress
1.75,0.0666666577778,0.43565,0.0659451006819,TRY,ETH,adaptive_75,delayed_stress
1.775,0.0633333248889,0.42855,0.0637011761985,TRY,ETH,adaptive_75,delayed_stress
1.8,0.059999992,0.4224,0.0609198256891,TRY,ETH,adaptive_75,delayed_stress
1.825,0.0566666591111,0.4165,0.0581419234116,TRY,ETH,adaptive_75,delayed_stress
1.85,0.0533333262222,0.4124,0.0550859675925,TRY,ETH,adaptive_75,delayed_stress
1.875,0.0499999933333,0.395,0.0533709628772,TRY,ETH,adaptive_75,delayed_stress
1.9,0.0466666604444,0.39065,0.0511572196262,TRY,ETH,adaptive_75,delayed_stress
1.925,0.0433333275556,0.38645,0.0461538145267,TRY,ETH,adaptive_75,delayed_stress
1.95,0.0399999946667,0.38035,0.043519109831,TRY,ETH,adaptive_75,delayed_stress
1.975,0.0366666617778,0.37615,0.0398670915832,TRY,ETH,adaptive_75,delayed_stress
2,0.0333333288889,0.36255,0.0359612852501,TRY,ETH,adaptive_75,delayed_stress
2.025,0.029999996,0.3469,0.0347079954819,TRY,ETH,adaptive_75,delayed_stress
2.05,0.0266666631111,0.34175,0.0314381175426,TRY,ETH,adaptive_75,delayed_stress
2.075,0.0233333302222,0.3341,0.0299320430802,TRY,ETH,adaptive_75,delayed_stress
2.1,0.0199999973333,0.3289,0.0283234467299,TRY,ETH,adaptive_75,delayed_stress
2.125,0.0166666644444,0.32485,0.0266786193442,TRY,ETH,adaptive_75,delayed_stress
2.15,0.0133333315556,0.3199,0.0251819984421,TRY,ETH,adaptive_75,delayed_stress
2.175,0.00999999866667,0.3041,0.0248919706564,TRY,ETH,adaptive_75,delayed_stress
2.2,0.00666666577778,0.28455,0.0238574133735,TRY,ETH,adaptive_75,delayed_stress
2.225,0.00333333288889,0.27975,0.021220573952,TRY,ETH,adaptive_75,delayed_stress
2.25,6.66666577778e-08,0.2752,0.0202009635363,TRY,ETH,adaptive_75,delayed_stress
1.5,6.66666577778e-08,0.646,0.0397463879815,TRY,ETH,indexed_100,timely
1.525,0.00666666577778,0.6309,0.0379120193809,TRY,ETH,indexed_100,timely
1.55,0.0133333315556,0.61475,0.0363113301144,TRY,ETH,indexed_100,timely
1.575,0.0199999973333,0.60165,0.0347847034506,TRY,ETH,indexed_100,timely
1.6,0.0266666631111,0.57935,0.0323927780203,TRY,ETH,indexed_100,timely
1.625,0.0333333288889,0.54465,0.031125955822,TRY,ETH,indexed_100,timely
1.65,0.0399999946667,0.5409,0.0286284110618,TRY,ETH,indexed_100,timely
1.675,0.0466666604444,0.5008,0.0271785480179,TRY,ETH,indexed_100,timely
1.7,0.0533333262222,0.47865,0.0247260861189,TRY,ETH,indexed_100,timely
1.725,0.059999992,0.47185,0.0218741566747,TRY,ETH,indexed_100,timely
1.75,0.0666666577778,0.4651,0.019224131325,TRY,ETH,indexed_100,timely
1.775,0.0633333248889,0.45605,0.0179928335927,TRY,ETH,indexed_100,timely
1.8,0.059999992,0.45075,0.0155750590004,TRY,ETH,indexed_100,timely
1.825,0.0566666591111,0.4458,0.0134916573069,TRY,ETH,indexed_100,timely
1.85,0.0533333262222,0.4399,0.0126641183247,TRY,ETH,indexed_100,timely
1.875,0.0499999933333,0.42235,0.0117867727117,TRY,ETH,indexed_100,timely
1.9,0.0466666604444,0.41685,0.014271731989,TRY,ETH,indexed_100,timely
1.925,0.0433333275556,0.41065,0.0128959414313,TRY,ETH,indexed_100,timely
1.95,0.0399999946667,0.40725,0.0114290912471,TRY,ETH,indexed_100,timely
1.975,0.0366666617778,0.4023,0.0101011103724,TRY,ETH,indexed_100,timely
2,0.0333333288889,0.39635,0.00879092996218,TRY,ETH,indexed_100,timely
2.025,0.029999996,0.3816,0.00768076140908,TRY,ETH,indexed_100,timely
2.05,0.0266666631111,0.36725,0.010742769776,TRY,ETH,indexed_100,timely
2.075,0.0233333302222,0.3623,0.00960296909833,TRY,ETH,indexed_100,timely
2.1,0.0199999973333,0.35675,0.00855985057393,TRY,ETH,indexed_100,timely
2.125,0.0166666644444,0.35175,0.0076546823214,TRY,ETH,indexed_100,timely
2.15,0.0133333315556,0.33595,0.00671963998322,TRY,ETH,indexed_100,timely
2.175,0.00999999866667,0.3306,0.00575060856974,TRY,ETH,indexed_100,timely
2.2,0.00666666577778,0.3121,0.00489716143007,TRY,ETH,indexed_100,timely
2.225,0.00333333288889,0.3072,0.00400071601101,TRY,ETH,indexed_100,timely
2.25,6.66666577778e-08,0.3016,0.00318577621351,TRY,ETH,indexed_100,timely
1.5,6.66666577778e-08,0.646,0.0742416877008,TRY,ETH,indexed_100,delay_only
1.525,0.00666666577778,0.6309,0.0733268291211,TRY,ETH,indexed_100,delay_only
1.55,0.0133333315556,0.61475,0.0724898839359,TRY,ETH,indexed_100,delay_only
1.575,0.0199999973333,0.60165,0.0723386003498,TRY,ETH,indexed_100,delay_only
1.6,0.0266666631111,0.57935,0.070290953646,TRY,ETH,indexed_100,delay_only
1.625,0.0333333288889,0.54465,0.0704260232092,TRY,ETH,indexed_100,delay_only
1.65,0.0399999946667,0.5409,0.0677511317294,TRY,ETH,indexed_100,delay_only
1.675,0.0466666604444,0.5008,0.0671342240288,TRY,ETH,indexed_100,delay_only
1.7,0.0533333262222,0.47865,0.0651305037253,TRY,ETH,indexed_100,delay_only
1.725,0.059999992,0.47185,0.0621939910265,TRY,ETH,indexed_100,delay_only
1.75,0.0666666577778,0.4651,0.0593803901988,TRY,ETH,indexed_100,delay_only
1.775,0.0633333248889,0.45605,0.0588017277396,TRY,ETH,indexed_100,delay_only
1.8,0.059999992,0.45075,0.0560561543614,TRY,ETH,indexed_100,delay_only
1.825,0.0566666591111,0.4458,0.0530088231602,TRY,ETH,indexed_100,delay_only
1.85,0.0533333262222,0.4399,0.0500904232488,TRY,ETH,indexed_100,delay_only
1.875,0.0499999933333,0.42235,0.0483073214868,TRY,ETH,indexed_100,delay_only
1.9,0.0466666604444,0.41685,0.044801383244,TRY,ETH,indexed_100,delay_only
1.925,0.0433333275556,0.41065,0.0421837121223,TRY,ETH,indexed_100,delay_only
1.95,0.0399999946667,0.40725,0.0397409979431,TRY,ETH,indexed_100,delay_only
1.975,0.0366666617778,0.4023,0.0372049382435,TRY,ETH,indexed_100,delay_only
2,0.0333333288889,0.39635,0.0347893276585,TRY,ETH,indexed_100,delay_only
2.025,0.029999996,0.3816,0.0335542029601,TRY,ETH,indexed_100,delay_only
2.05,0.0266666631111,0.36725,0.0303649717735,TRY,ETH,indexed_100,delay_only
2.075,0.0233333302222,0.3623,0.0286296719924,TRY,ETH,indexed_100,delay_only
2.1,0.0199999973333,0.35675,0.0270428887206,TRY,ETH,indexed_100,delay_only
2.125,0.0166666644444,0.35175,0.0253931567551,TRY,ETH,indexed_100,delay_only
2.15,0.0133333315556,0.33595,0.0247459817077,TRY,ETH,indexed_100,delay_only
2.175,0.00999999866667,0.3306,0.023223179247,TRY,ETH,indexed_100,delay_only
2.2,0.00666666577778,0.3121,0.0220952361937,TRY,ETH,indexed_100,delay_only
2.225,0.00333333288889,0.3072,0.0194365534788,TRY,ETH,indexed_100,delay_only
2.25,6.66666577778e-08,0.3016,0.0182859372046,TRY,ETH,indexed_100,delay_only
1.5,6.66666577778e-08,0.646,0.0520999531624,TRY,ETH,indexed_100,haircut_only
1.525,0.00666666577778,0.6309,0.0506773205553,TRY,ETH,indexed_100,haircut_only
1.55,0.0133333315556,0.61475,0.0494444249721,TRY,ETH,indexed_100,haircut_only
1.575,0.0199999973333,0.60165,0.048338645819,TRY,ETH,indexed_100,haircut_only
1.6,0.0266666631111,0.57935,0.0461776627471,TRY,ETH,indexed_100,haircut_only
1.625,0.0333333288889,0.54465,0.0454867921388,TRY,ETH,indexed_100,haircut_only
1.65,0.0399999946667,0.5409,0.0427093499882,TRY,ETH,indexed_100,haircut_only
1.675,0.0466666604444,0.5008,0.041752932097,TRY,ETH,indexed_100,haircut_only
1.7,0.0533333262222,0.47865,0.0393956153631,TRY,ETH,indexed_100,haircut_only
1.725,0.059999992,0.47185,0.036395089904,TRY,ETH,indexed_100,haircut_only
1.75,0.0666666577778,0.4651,0.0335199335155,TRY,ETH,indexed_100,haircut_only
1.775,0.0633333248889,0.45605,0.0330423285972,TRY,ETH,indexed_100,haircut_only
1.8,0.059999992,0.45075,0.0303187739093,TRY,ETH,indexed_100,haircut_only
1.825,0.0566666591111,0.4458,0.0276242451752,TRY,ETH,indexed_100,haircut_only
1.85,0.0533333262222,0.4399,0.0250056663066,TRY,ETH,indexed_100,haircut_only
1.875,0.0499999933333,0.42235,0.0225638531764,TRY,ETH,indexed_100,haircut_only
1.9,0.0466666604444,0.41685,0.0246303661148,TRY,ETH,indexed_100,haircut_only
1.925,0.0433333275556,0.41065,0.0215902994679,TRY,ETH,indexed_100,haircut_only
1.95,0.0399999946667,0.40725,0.0191069326861,TRY,ETH,indexed_100,haircut_only
1.975,0.0366666617778,0.4023,0.0175843473415,TRY,ETH,indexed_100,haircut_only
2,0.0333333288889,0.39635,0.0161307286929,TRY,ETH,indexed_100,haircut_only
2.025,0.029999996,0.3816,0.015031937799,TRY,ETH,indexed_100,haircut_only
2.05,0.0266666631111,0.36725,0.0198529428679,TRY,ETH,indexed_100,haircut_only
2.075,0.0233333302222,0.3623,0.0182213666389,TRY,ETH,indexed_100,haircut_only
2.1,0.0199999973333,0.35675,0.0167806650773,TRY,ETH,indexed_100,haircut_only
2.125,0.0166666644444,0.35175,0.0156326455896,TRY,ETH,indexed_100,haircut_only
2.15,0.0133333315556,0.33595,0.0147524644314,TRY,ETH,indexed_100,haircut_only
2.175,0.00999999866667,0.3306,0.0135760121996,TRY,ETH,indexed_100,haircut_only
2.2,0.00666666577778,0.3121,0.0125801475031,TRY,ETH,indexed_100,haircut_only
2.225,0.00333333288889,0.3072,0.0115353562874,TRY,ETH,indexed_100,haircut_only
2.25,6.66666577778e-08,0.3016,0.0105533033432,TRY,ETH,indexed_100,haircut_only
1.5,6.66666577778e-08,0.646,0.0888984433111,TRY,ETH,indexed_100,delayed_stress
1.525,0.00666666577778,0.6309,0.0879339027534,TRY,ETH,indexed_100,delayed_stress
1.55,0.0133333315556,0.61475,0.0867120267309,TRY,ETH,indexed_100,delayed_stress
1.575,0.0199999973333,0.60165,0.0868514112801,TRY,ETH,indexed_100,delayed_stress
1.6,0.0266666631111,0.57935,0.0847835664835,TRY,ETH,indexed_100,delayed_stress
1.625,0.0333333288889,0.54465,0.0856989725032,TRY,ETH,indexed_100,delayed_stress
1.65,0.0399999946667,0.5409,0.0828744140029,TRY,ETH,indexed_100,delayed_stress
1.675,0.0466666604444,0.5008,0.0827252051554,TRY,ETH,indexed_100,delayed_stress
1.7,0.0533333262222,0.47865,0.0812404444754,TRY,ETH,indexed_100,delayed_stress
1.725,0.059999992,0.47185,0.0787303329346,TRY,ETH,indexed_100,delayed_stress
1.75,0.0666666577778,0.4651,0.0755364501451,TRY,ETH,indexed_100,delayed_stress
1.775,0.0633333248889,0.45605,0.0754796346741,TRY,ETH,indexed_100,delayed_stress
1.8,0.059999992,0.45075,0.072646393504,TRY,ETH,indexed_100,delayed_stress
1.825,0.0566666591111,0.4458,0.0694683796727,TRY,ETH,indexed_100,delayed_stress
1.85,0.0533333262222,0.4399,0.0663982917654,TRY,ETH,indexed_100,delayed_stress
1.875,0.0499999933333,0.42235,0.0643655377777,TRY,ETH,indexed_100,delayed_stress
1.9,0.0466666604444,0.41685,0.0602983669149,TRY,ETH,indexed_100,delayed_stress
1.925,0.0433333275556,0.41065,0.0575684998249,TRY,ETH,indexed_100,delayed_stress
1.95,0.0399999946667,0.40725,0.0545431857757,TRY,ETH,indexed_100,delayed_stress
1.975,0.0366666617778,0.4023,0.0514374922646,TRY,ETH,indexed_100,delayed_stress
2,0.0333333288889,0.39635,0.0464880255636,TRY,ETH,indexed_100,delayed_stress
2.025,0.029999996,0.3816,0.0448359139596,TRY,ETH,indexed_100,delayed_stress
2.05,0.0266666631111,0.36725,0.0413090176152,TRY,ETH,indexed_100,delayed_stress
2.075,0.0233333302222,0.3623,0.0391707528262,TRY,ETH,indexed_100,delayed_stress
2.1,0.0199999973333,0.35675,0.0374075670088,TRY,ETH,indexed_100,delayed_stress
2.125,0.0166666644444,0.35175,0.0356321951618,TRY,ETH,indexed_100,delayed_stress
2.15,0.0133333315556,0.33595,0.0352494817152,TRY,ETH,indexed_100,delayed_stress
2.175,0.00999999866667,0.3306,0.0335834742379,TRY,ETH,indexed_100,delayed_stress
2.2,0.00666666577778,0.3121,0.0325124944911,TRY,ETH,indexed_100,delayed_stress
2.225,0.00333333288889,0.3072,0.0290096200243,TRY,ETH,indexed_100,delayed_stress
2.25,6.66666577778e-08,0.3016,0.0276132279813,TRY,ETH,indexed_100,delayed_stress
1.5,6.66666577778e-08,0.59665,0.0320279581292,TRY,ETH,smooth_12,timely
1.525,0.00666666577778,0.5681,0.0308455477028,TRY,ETH,smooth_12,timely
1.55,0.0133333315556,0.5622,0.0285980853508,TRY,ETH,smooth_12,timely
1.575,0.0199999973333,0.54165,0.0264841274608,TRY,ETH,smooth_12,timely
1.6,0.0266666631111,0.5165,0.0241580094155,TRY,ETH,smooth_12,timely
1.625,0.0333333288889,0.4823,0.0223285297028,TRY,ETH,smooth_12,timely
1.65,0.0399999946667,0.4748,0.0204178476204,TRY,ETH,smooth_12,timely
1.675,0.0466666604444,0.43205,0.0198786889913,TRY,ETH,smooth_12,timely
1.7,0.0533333262222,0.4115,0.0181210595131,TRY,ETH,smooth_12,timely
1.725,0.059999992,0.4061,0.016193771925,TRY,ETH,smooth_12,timely
1.75,0.0666666577778,0.4,0.0144143682503,TRY,ETH,smooth_12,timely
1.775,0.0633333248889,0.3943,0.0125830799208,TRY,ETH,smooth_12,timely
1.8,0.059999992,0.3899,0.0111380463642,TRY,ETH,smooth_12,timely
1.825,0.0566666591111,0.3851,0.00984986850883,TRY,ETH,smooth_12,timely
1.85,0.0533333262222,0.3814,0.00894688046133,TRY,ETH,smooth_12,timely
1.875,0.0499999933333,0.36325,0.00821802517159,TRY,ETH,smooth_12,timely
1.9,0.0466666604444,0.35915,0.00719660848043,TRY,ETH,smooth_12,timely
1.925,0.0433333275556,0.34475,0.00969389482643,TRY,ETH,smooth_12,timely
1.95,0.0399999946667,0.338,0.00857856410566,TRY,ETH,smooth_12,timely
1.975,0.0366666617778,0.33405,0.00732780261837,TRY,ETH,smooth_12,timely
2,0.0333333288889,0.3295,0.00612779821454,TRY,ETH,smooth_12,timely
2.025,0.029999996,0.3143,0.00530379165501,TRY,ETH,smooth_12,timely
2.05,0.0266666631111,0.2989,0.00735298414663,TRY,ETH,smooth_12,timely
2.075,0.0233333302222,0.293,0.00639166509484,TRY,ETH,smooth_12,timely
2.1,0.0199999973333,0.28855,0.00554951937516,TRY,ETH,smooth_12,timely
2.125,0.0166666644444,0.28345,0.00467414024509,TRY,ETH,smooth_12,timely
2.15,0.0133333315556,0.27935,0.00383942254921,TRY,ETH,smooth_12,timely
2.175,0.00999999866667,0.26235,0.00301398430266,TRY,ETH,smooth_12,timely
2.2,0.00666666577778,0.2425,0.00223246749336,TRY,ETH,smooth_12,timely
2.225,0.00333333288889,0.23745,0.00149907374236,TRY,ETH,smooth_12,timely
2.25,6.66666577778e-08,0.2327,0.00101251901387,TRY,ETH,smooth_12,timely
1.5,6.66666577778e-08,0.59665,0.0550006912993,TRY,ETH,smooth_12,delay_only
1.525,0.00666666577778,0.5681,0.0550198472849,TRY,ETH,smooth_12,delay_only
1.55,0.0133333315556,0.5622,0.0527308377261,TRY,ETH,smooth_12,delay_only
1.575,0.0199999973333,0.54165,0.0509703174022,TRY,ETH,smooth_12,delay_only
1.6,0.0266666631111,0.5165,0.0488500791381,TRY,ETH,smooth_12,delay_only
1.625,0.0333333288889,0.4823,0.0480179922571,TRY,ETH,smooth_12,delay_only
1.65,0.0399999946667,0.4748,0.0454806860316,TRY,ETH,smooth_12,delay_only
1.675,0.0466666604444,0.43205,0.0448268365853,TRY,ETH,smooth_12,delay_only
1.7,0.0533333262222,0.4115,0.0430657205931,TRY,ETH,smooth_12,delay_only
1.725,0.059999992,0.4061,0.0407610202191,TRY,ETH,smooth_12,delay_only
1.75,0.0666666577778,0.4,0.0386045170398,TRY,ETH,smooth_12,delay_only
1.775,0.0633333248889,0.3943,0.0365547503082,TRY,ETH,smooth_12,delay_only
1.8,0.059999992,0.3899,0.0342007577139,TRY,ETH,smooth_12,delay_only
1.825,0.0566666591111,0.3851,0.0319683180435,TRY,ETH,smooth_12,delay_only
1.85,0.0533333262222,0.3814,0.0305248199825,TRY,ETH,smooth_12,delay_only
1.875,0.0499999933333,0.36325,0.0291568348826,TRY,ETH,smooth_12,delay_only
1.9,0.0466666604444,0.35915,0.027576821616,TRY,ETH,smooth_12,delay_only
1.925,0.0433333275556,0.34475,0.0240459689036,TRY,ETH,smooth_12,delay_only
1.95,0.0399999946667,0.338,0.0223897482973,TRY,ETH,smooth_12,delay_only
1.975,0.0366666617778,0.33405,0.0207442541217,TRY,ETH,smooth_12,delay_only
2,0.0333333288889,0.3295,0.0191264774645,TRY,ETH,smooth_12,delay_only
2.025,0.029999996,0.3143,0.018261176825,TRY,ETH,smooth_12,delay_only
2.05,0.0266666631111,0.2989,0.0148801043914,TRY,ETH,smooth_12,delay_only
2.075,0.0233333302222,0.293,0.0136544862043,TRY,ETH,smooth_12,delay_only
2.1,0.0199999973333,0.28855,0.0124272092398,TRY,ETH,smooth_12,delay_only
2.125,0.0166666644444,0.28345,0.0113049509327,TRY,ETH,smooth_12,delay_only
2.15,0.0133333315556,0.27935,0.0102836266387,TRY,ETH,smooth_12,delay_only
2.175,0.00999999866667,0.26235,0.00998168496493,TRY,ETH,smooth_12,delay_only
2.2,0.00666666577778,0.2425,0.00938737041726,TRY,ETH,smooth_12,delay_only
2.225,0.00333333288889,0.23745,0.00860463221907,TRY,ETH,smooth_12,delay_only
2.25,6.66666577778e-08,0.2327,0.00790381709231,TRY,ETH,smooth_12,delay_only
1.5,6.66666577778e-08,0.59665,0.0448357630225,TRY,ETH,smooth_12,haircut_only
1.525,0.00666666577778,0.5681,0.0442195520722,TRY,ETH,smooth_12,haircut_only
1.55,0.0133333315556,0.5622,0.0417589861034,TRY,ETH,smooth_12,haircut_only
1.575,0.0199999973333,0.54165,0.0395059213157,TRY,ETH,smooth_12,haircut_only
1.6,0.0266666631111,0.5165,0.037018201711,TRY,ETH,smooth_12,haircut_only
1.625,0.0333333288889,0.4823,0.0354491025282,TRY,ETH,smooth_12,haircut_only
1.65,0.0399999946667,0.4748,0.0327235610385,TRY,ETH,smooth_12,haircut_only
1.675,0.0466666604444,0.43205,0.0320705337111,TRY,ETH,smooth_12,haircut_only
1.7,0.0533333262222,0.4115,0.0298256756053,TRY,ETH,smooth_12,haircut_only
1.725,0.059999992,0.4061,0.0272452541697,TRY,ETH,smooth_12,haircut_only
1.75,0.0666666577778,0.4,0.024861422777,TRY,ETH,smooth_12,haircut_only
1.775,0.0633333248889,0.3943,0.0220990967585,TRY,ETH,smooth_12,haircut_only
1.8,0.059999992,0.3899,0.0198718694378,TRY,ETH,smooth_12,haircut_only
1.825,0.0566666591111,0.3851,0.0180869969806,TRY,ETH,smooth_12,haircut_only
1.85,0.0533333262222,0.3814,0.0161031098216,TRY,ETH,smooth_12,haircut_only
1.875,0.0499999933333,0.36325,0.0146502646819,TRY,ETH,smooth_12,haircut_only
1.9,0.0466666604444,0.35915,0.0124962501318,TRY,ETH,smooth_12,haircut_only
1.925,0.0433333275556,0.34475,0.0161922350114,TRY,ETH,smooth_12,haircut_only
1.95,0.0399999946667,0.338,0.0149029404042,TRY,ETH,smooth_12,haircut_only
1.975,0.0366666617778,0.33405,0.013555765156,TRY,ETH,smooth_12,haircut_only
2,0.0333333288889,0.3295,0.0123066270908,TRY,ETH,smooth_12,haircut_only
2.025,0.029999996,0.3143,0.0115303691362,TRY,ETH,smooth_12,haircut_only
2.05,0.0266666631111,0.2989,0.0152274750182,TRY,ETH,smooth_12,haircut_only
2.075,0.0233333302222,0.293,0.013685271153,TRY,ETH,smooth_12,haircut_only
2.1,0.0199999973333,0.28855,0.0125030514989,TRY,ETH,smooth_12,haircut_only
2.125,0.0166666644444,0.28345,0.011334898838,TRY,ETH,smooth_12,haircut_only
2.15,0.0133333315556,0.27935,0.0103762094178,TRY,ETH,smooth_12,haircut_only
2.175,0.00999999866667,0.26235,0.00954201647576,TRY,ETH,smooth_12,haircut_only
2.2,0.00666666577778,0.2425,0.00865694392496,TRY,ETH,smooth_12,haircut_only
2.225,0.00333333288889,0.23745,0.00779482995679,TRY,ETH,smooth_12,haircut_only
2.25,6.66666577778e-08,0.2327,0.00696590109472,TRY,ETH,smooth_12,haircut_only
1.5,6.66666577778e-08,0.59665,0.0677924607495,TRY,ETH,smooth_12,delayed_stress
1.525,0.00666666577778,0.5681,0.0679107580549,TRY,ETH,smooth_12,delayed_stress
1.55,0.0133333315556,0.5622,0.0652193078422,TRY,ETH,smooth_12,delayed_stress
1.575,0.0199999973333,0.54165,0.0634589969394,TRY,ETH,smooth_12,delayed_stress
1.6,0.0266666631111,0.5165,0.0614494736826,TRY,ETH,smooth_12,delayed_stress
1.625,0.0333333288889,0.4823,0.0610531674479,TRY,ETH,smooth_12,delayed_stress
1.65,0.0399999946667,0.4748,0.0584561165165,TRY,ETH,smooth_12,delayed_stress
1.675,0.0466666604444,0.43205,0.0580188779816,TRY,ETH,smooth_12,delayed_stress
1.7,0.0533333262222,0.4115,0.0563424528562,TRY,ETH,smooth_12,delayed_stress
1.725,0.059999992,0.4061,0.0540969638221,TRY,ETH,smooth_12,delayed_stress
1.75,0.0666666577778,0.4,0.0512469377493,TRY,ETH,smooth_12,delayed_stress
1.775,0.0633333248889,0.3943,0.0490695619196,TRY,ETH,smooth_12,delayed_stress
1.8,0.059999992,0.3899,0.0463285828515,TRY,ETH,smooth_12,delayed_stress
1.825,0.0566666591111,0.3851,0.043711875028,TRY,ETH,smooth_12,delayed_stress
1.85,0.0533333262222,0.3814,0.0421351165693,TRY,ETH,smooth_12,delayed_stress
1.875,0.0499999933333,0.36325,0.0405479717748,TRY,ETH,smooth_12,delayed_stress
1.9,0.0466666604444,0.35915,0.039033323735,TRY,ETH,smooth_12,delayed_stress
1.925,0.0433333275556,0.34475,0.0349385359295,TRY,ETH,smooth_12,delayed_stress
1.95,0.0399999946667,0.338,0.0329987538505,TRY,ETH,smooth_12,delayed_stress
1.975,0.0366666617778,0.33405,0.0308944460483,TRY,ETH,smooth_12,delayed_stress
2,0.0333333288889,0.3295,0.0267189899518,TRY,ETH,smooth_12,delayed_stress
2.025,0.029999996,0.3143,0.0254913477964,TRY,ETH,smooth_12,delayed_stress
2.05,0.0266666631111,0.2989,0.022310606065,TRY,ETH,smooth_12,delayed_stress
2.075,0.0233333302222,0.293,0.020944707247,TRY,ETH,smooth_12,delayed_stress
2.1,0.0199999973333,0.28855,0.0196249371523,TRY,ETH,smooth_12,delayed_stress
2.125,0.0166666644444,0.28345,0.0183935240936,TRY,ETH,smooth_12,delayed_stress
2.15,0.0133333315556,0.27935,0.0170101958319,TRY,ETH,smooth_12,delayed_stress
2.175,0.00999999866667,0.26235,0.0166278733992,TRY,ETH,smooth_12,delayed_stress
2.2,0.00666666577778,0.2425,0.0158049071085,TRY,ETH,smooth_12,delayed_stress
2.225,0.00333333288889,0.23745,0.014851821617,TRY,ETH,smooth_12,delayed_stress
2.25,6.66666577778e-08,0.2327,0.0140106907128,TRY,ETH,smooth_12,delayed_stress
1.5,6.66666577778e-08,0.56485,0.0297782933088,TRY,ETH,partial_adjust,timely
1.525,0.00666666577778,0.54705,0.0281752961654,TRY,ETH,partial_adjust,timely
1.55,0.0133333315556,0.54125,0.0261511278383,TRY,ETH,partial_adjust,timely
1.575,0.0199999973333,0.5205,0.0242671108267,TRY,ETH,partial_adjust,timely
1.6,0.0266666631111,0.4969,0.0226198983176,TRY,ETH,partial_adjust,timely
1.625,0.0333333288889,0.45975,0.0209711049801,TRY,ETH,partial_adjust,timely
1.65,0.0399999946667,0.4402,0.0202056709263,TRY,ETH,partial_adjust,timely
1.675,0.0466666604444,0.41175,0.0185934351424,TRY,ETH,partial_adjust,timely
1.7,0.0533333262222,0.40765,0.0167893407054,TRY,ETH,partial_adjust,timely
1.725,0.059999992,0.38565,0.0152013307218,TRY,ETH,partial_adjust,timely
1.75,0.0666666577778,0.3795,0.0132913540052,TRY,ETH,partial_adjust,timely
1.775,0.0633333248889,0.3739,0.0115856700747,TRY,ETH,partial_adjust,timely
1.8,0.059999992,0.3691,0.0102201389034,TRY,ETH,partial_adjust,timely
1.825,0.0566666591111,0.3652,0.00876555381275,TRY,ETH,partial_adjust,timely
1.85,0.0533333262222,0.34975,0.00828559174162,TRY,ETH,partial_adjust,timely
1.875,0.0499999933333,0.334,0.00775076345888,TRY,ETH,partial_adjust,timely
1.9,0.0466666604444,0.32865,0.00683643391119,TRY,ETH,partial_adjust,timely
1.925,0.0433333275556,0.3231,0.00862418513886,TRY,ETH,partial_adjust,timely
1.95,0.0399999946667,0.30765,0.00759357508812,TRY,ETH,partial_adjust,timely
1.975,0.0366666617778,0.3031,0.00649534424502,TRY,ETH,partial_adjust,timely
2,0.0333333288889,0.29735,0.00525893028631,TRY,ETH,partial_adjust,timely
2.025,0.029999996,0.28065,0.00438282904725,TRY,ETH,partial_adjust,timely
2.05,0.0266666631111,0.27765,0.00563704362409,TRY,ETH,partial_adjust,timely
2.075,0.0233333302222,0.2731,0.00475504977154,TRY,ETH,partial_adjust,timely
2.1,0.0199999973333,0.2671,0.00395911203313,TRY,ETH,partial_adjust,timely
2.125,0.0166666644444,0.26325,0.00310006703427,TRY,ETH,partial_adjust,timely
2.15,0.0133333315556,0.25845,0.00228542166781,TRY,ETH,partial_adjust,timely
2.175,0.00999999866667,0.23965,0.0015445385711,TRY,ETH,partial_adjust,timely
2.2,0.00666666577778,0.21845,0.000866878624975,TRY,ETH,partial_adjust,timely
2.225,0.00333333288889,0.2153,0.000558136063152,TRY,ETH,partial_adjust,timely
2.25,6.66666577778e-08,0.17485,0.000262367110797,TRY,ETH,partial_adjust,timely
1.5,6.66666577778e-08,0.56485,0.0490651133602,TRY,ETH,partial_adjust,delay_only
1.525,0.00666666577778,0.54705,0.0475706473961,TRY,ETH,partial_adjust,delay_only
1.55,0.0133333315556,0.54125,0.0452752424532,TRY,ETH,partial_adjust,delay_only
1.575,0.0199999973333,0.5205,0.043479508745,TRY,ETH,partial_adjust,delay_only
1.6,0.0266666631111,0.4969,0.0419122203669,TRY,ETH,partial_adjust,delay_only
1.625,0.0333333288889,0.45975,0.0410192896902,TRY,ETH,partial_adjust,delay_only
1.65,0.0399999946667,0.4402,0.0404104955846,TRY,ETH,partial_adjust,delay_only
1.675,0.0466666604444,0.41175,0.0385629502087,TRY,ETH,partial_adjust,delay_only
1.7,0.0533333262222,0.40765,0.0364289085732,TRY,ETH,partial_adjust,delay_only
1.725,0.059999992,0.38565,0.0348474715983,TRY,ETH,partial_adjust,delay_only
1.75,0.0666666577778,0.3795,0.0331750095827,TRY,ETH,partial_adjust,delay_only
1.775,0.0633333248889,0.3739,0.0310284857687,TRY,ETH,partial_adjust,delay_only
1.8,0.059999992,0.3691,0.0296111639157,TRY,ETH,partial_adjust,delay_only
1.825,0.0566666591111,0.3652,0.0276048196039,TRY,ETH,partial_adjust,delay_only
1.85,0.0533333262222,0.34975,0.0263870234836,TRY,ETH,partial_adjust,delay_only
1.875,0.0499999933333,0.334,0.0254139779178,TRY,ETH,partial_adjust,delay_only
1.9,0.0466666604444,0.32865,0.0234430610238,TRY,ETH,partial_adjust,delay_only
1.925,0.0433333275556,0.3231,0.0193404607082,TRY,ETH,partial_adjust,delay_only
1.95,0.0399999946667,0.30765,0.0180167514436,TRY,ETH,partial_adjust,delay_only
1.975,0.0366666617778,0.3031,0.0165224979681,TRY,ETH,partial_adjust,delay_only
2,0.0333333288889,0.29735,0.0154249376352,TRY,ETH,partial_adjust,delay_only
2.025,0.029999996,0.28065,0.0147835494432,TRY,ETH,partial_adjust,delay_only
2.05,0.0266666631111,0.27765,0.0102770514482,TRY,ETH,partial_adjust,delay_only
2.075,0.0233333302222,0.2731,0.0092271532512,TRY,ETH,partial_adjust,delay_only
2.1,0.0199999973333,0.2671,0.0083473009213,TRY,ETH,partial_adjust,delay_only
2.125,0.0166666644444,0.26325,0.00762134324714,TRY,ETH,partial_adjust,delay_only
2.15,0.0133333315556,0.25845,0.00696637986071,TRY,ETH,partial_adjust,delay_only
2.175,0.00999999866667,0.23965,0.00675429942161,TRY,ETH,partial_adjust,delay_only
2.2,0.00666666577778,0.21845,0.00613627463104,TRY,ETH,partial_adjust,delay_only
2.225,0.00333333288889,0.2153,0.0053422341445,TRY,ETH,partial_adjust,delay_only
2.25,6.66666577778e-08,0.17485,0.0051415973927,TRY,ETH,partial_adjust,delay_only
1.5,6.66666577778e-08,0.56485,0.0414640958582,TRY,ETH,partial_adjust,haircut_only
1.525,0.00666666577778,0.54705,0.0396233643876,TRY,ETH,partial_adjust,haircut_only
1.55,0.0133333315556,0.54125,0.0369759133526,TRY,ETH,partial_adjust,haircut_only
1.575,0.0199999973333,0.5205,0.0347069898684,TRY,ETH,partial_adjust,haircut_only
1.6,0.0266666631111,0.4969,0.0328473631901,TRY,ETH,partial_adjust,haircut_only
1.625,0.0333333288889,0.45975,0.0312713107543,TRY,ETH,partial_adjust,haircut_only
1.65,0.0399999946667,0.4402,0.0303355264403,TRY,ETH,partial_adjust,haircut_only
1.675,0.0466666604444,0.41175,0.0285342114811,TRY,ETH,partial_adjust,haircut_only
1.7,0.0533333262222,0.40765,0.0264021100626,TRY,ETH,partial_adjust,haircut_only
1.725,0.059999992,0.38565,0.0247408447873,TRY,ETH,partial_adjust,haircut_only
1.75,0.0666666577778,0.3795,0.0225618870366,TRY,ETH,partial_adjust,haircut_only
1.775,0.0633333248889,0.3739,0.0203155527478,TRY,ETH,partial_adjust,haircut_only
1.8,0.059999992,0.3691,0.0185211056632,TRY,ETH,partial_adjust,haircut_only
1.825,0.0566666591111,0.3652,0.0164720906345,TRY,ETH,partial_adjust,haircut_only
1.85,0.0533333262222,0.34975,0.0153387346599,TRY,ETH,partial_adjust,haircut_only
1.875,0.0499999933333,0.334,0.0141238892785,TRY,ETH,partial_adjust,haircut_only
1.9,0.0466666604444,0.32865,0.0120962619376,TRY,ETH,partial_adjust,haircut_only
1.925,0.0433333275556,0.3231,0.014666252732,TRY,ETH,partial_adjust,haircut_only
1.95,0.0399999946667,0.30765,0.0136332485099,TRY,ETH,partial_adjust,haircut_only
1.975,0.0366666617778,0.3031,0.0125444757168,TRY,ETH,partial_adjust,haircut_only
2,0.0333333288889,0.29735,0.0112325695465,TRY,ETH,partial_adjust,haircut_only
2.025,0.029999996,0.28065,0.0103482536366,TRY,ETH,partial_adjust,haircut_only
2.05,0.0266666631111,0.27765,0.0128931650646,TRY,ETH,partial_adjust,haircut_only
2.075,0.0233333302222,0.2731,0.0114106263932,TRY,ETH,partial_adjust,haircut_only
2.1,0.0199999973333,0.2671,0.0102708079824,TRY,ETH,partial_adjust,haircut_only
2.125,0.0166666644444,0.26325,0.00914681085974,TRY,ETH,partial_adjust,haircut_only
2.15,0.0133333315556,0.25845,0.00824348644424,TRY,ETH,partial_adjust,haircut_only
2.175,0.00999999866667,0.23965,0.00753006399338,TRY,ETH,partial_adjust,haircut_only
2.2,0.00666666577778,0.21845,0.00675386696382,TRY,ETH,partial_adjust,haircut_only
2.225,0.00333333288889,0.2153,0.00614306887786,TRY,ETH,partial_adjust,haircut_only
2.25,6.66666577778e-08,0.17485,0.00551230969742,TRY,ETH,partial_adjust,haircut_only
1.5,6.66666577778e-08,0.56485,0.0608770560429,TRY,ETH,partial_adjust,delayed_stress
1.525,0.00666666577778,0.54705,0.0592685564274,TRY,ETH,partial_adjust,delayed_stress
1.55,0.0133333315556,0.54125,0.0565234254681,TRY,ETH,partial_adjust,delayed_stress
1.575,0.0199999973333,0.5205,0.0544055179206,TRY,ETH,partial_adjust,delayed_stress
1.6,0.0266666631111,0.4969,0.0525840901873,TRY,ETH,partial_adjust,delayed_stress
1.625,0.0333333288889,0.45975,0.0517978825928,TRY,ETH,partial_adjust,delayed_stress
1.65,0.0399999946667,0.4402,0.0509532859467,TRY,ETH,partial_adjust,delayed_stress
1.675,0.0466666604444,0.41175,0.0488403330276,TRY,ETH,partial_adjust,delayed_stress
1.7,0.0533333262222,0.40765,0.0465152650462,TRY,ETH,partial_adjust,delayed_stress
1.725,0.059999992,0.38565,0.0452693647582,TRY,ETH,partial_adjust,delayed_stress
1.75,0.0666666577778,0.3795,0.0438272329651,TRY,ETH,partial_adjust,delayed_stress
1.775,0.0633333248889,0.3739,0.0415915235032,TRY,ETH,partial_adjust,delayed_stress
1.8,0.059999992,0.3691,0.0401113970668,TRY,ETH,partial_adjust,delayed_stress
1.825,0.0566666591111,0.3652,0.0377604221894,TRY,ETH,partial_adjust,delayed_stress
1.85,0.0533333262222,0.34975,0.0366267197732,TRY,ETH,partial_adjust,delayed_stress
1.875,0.0499999933333,0.334,0.03603302812,TRY,ETH,partial_adjust,delayed_stress
1.9,0.0466666604444,0.32865,0.0340185089684,TRY,ETH,partial_adjust,delayed_stress
1.925,0.0433333275556,0.3231,0.0292808054924,TRY,ETH,partial_adjust,delayed_stress
1.95,0.0399999946667,0.30765,0.0278855770795,TRY,ETH,partial_adjust,delayed_stress
1.975,0.0366666617778,0.3031,0.025869350837,TRY,ETH,partial_adjust,delayed_stress
2,0.0333333288889,0.29735,0.0223097773919,TRY,ETH,partial_adjust,delayed_stress
2.025,0.029999996,0.28065,0.0212885705817,TRY,ETH,partial_adjust,delayed_stress
2.05,0.0266666631111,0.27765,0.0167223773896,TRY,ETH,partial_adjust,delayed_stress
2.075,0.0233333302222,0.2731,0.0155338227638,TRY,ETH,partial_adjust,delayed_stress
2.1,0.0199999973333,0.2671,0.014259962725,TRY,ETH,partial_adjust,delayed_stress
2.125,0.0166666644444,0.26325,0.0131575163208,TRY,ETH,partial_adjust,delayed_stress
2.15,0.0133333315556,0.25845,0.0123418435392,TRY,ETH,partial_adjust,delayed_stress
2.175,0.00999999866667,0.23965,0.0123418445794,TRY,ETH,partial_adjust,delayed_stress
2.2,0.00666666577778,0.21845,0.0116785097023,TRY,ETH,partial_adjust,delayed_stress
2.225,0.00333333288889,0.2153,0.0107905259974,TRY,ETH,partial_adjust,delayed_stress
2.25,6.66666577778e-08,0.17485,0.0106546018939,TRY,ETH,partial_adjust,delayed_stress
1.5,6.66666577778e-08,0.5949,0.0317885348598,TRY,ETH,lower_cap,timely
1.525,0.00666666577778,0.566,0.0307357339336,TRY,ETH,lower_cap,timely
1.55,0.0133333315556,0.559,0.028450960851,TRY,ETH,lower_cap,timely
1.575,0.0199999973333,0.5376,0.0264320975613,TRY,ETH,lower_cap,timely
1.6,0.0266666631111,0.5126,0.024004672889,TRY,ETH,lower_cap,timely
1.625,0.0333333288889,0.4797,0.0221550446643,TRY,ETH,lower_cap,timely
1.65,0.0399999946667,0.4725,0.0203584054244,TRY,ETH,lower_cap,timely
1.675,0.0466666604444,0.4301,0.0197987107338,TRY,ETH,lower_cap,timely
1.7,0.0533333262222,0.4099,0.0180084018102,TRY,ETH,lower_cap,timely
1.725,0.059999992,0.4044,0.0160343292913,TRY,ETH,lower_cap,timely
1.75,0.0666666577778,0.39815,0.0142769148883,TRY,ETH,lower_cap,timely
1.775,0.0633333248889,0.39215,0.0124548363432,TRY,ETH,lower_cap,timely
1.8,0.059999992,0.38705,0.0110481495121,TRY,ETH,lower_cap,timely
1.825,0.0566666591111,0.3824,0.00978353473187,TRY,ETH,lower_cap,timely
1.85,0.0533333262222,0.3796,0.00890352413746,TRY,ETH,lower_cap,timely
1.875,0.0499999933333,0.36045,0.00820951551017,TRY,ETH,lower_cap,timely
1.9,0.0466666604444,0.35595,0.00719403330066,TRY,ETH,lower_cap,timely
1.925,0.0433333275556,0.342,0.00960908429188,TRY,ETH,lower_cap,timely
1.95,0.0399999946667,0.3359,0.00858473680475,TRY,ETH,lower_cap,timely
1.975,0.0366666617778,0.33315,0.00731433040767,TRY,ETH,lower_cap,timely
2,0.0333333288889,0.32875,0.00612343477326,TRY,ETH,lower_cap,timely
2.025,0.029999996,0.31375,0.0053041467061,TRY,ETH,lower_cap,timely
2.05,0.0266666631111,0.2965,0.00732846473355,TRY,ETH,lower_cap,timely
2.075,0.0233333302222,0.2895,0.00634742334879,TRY,ETH,lower_cap,timely
2.1,0.0199999973333,0.2858,0.00551336582087,TRY,ETH,lower_cap,timely
2.125,0.0166666644444,0.28075,0.00466983470276,TRY,ETH,lower_cap,timely
2.15,0.0133333315556,0.27625,0.00382818147282,TRY,ETH,lower_cap,timely
2.175,0.00999999866667,0.2595,0.00300520498378,TRY,ETH,lower_cap,timely
2.2,0.00666666577778,0.2396,0.00219938391251,TRY,ETH,lower_cap,timely
2.225,0.00333333288889,0.23435,0.0014540378995,TRY,ETH,lower_cap,timely
2.25,6.66666577778e-08,0.23045,0.00095904861155,TRY,ETH,lower_cap,timely
1.5,6.66666577778e-08,0.5949,0.0547970692006,TRY,ETH,lower_cap,delay_only
1.525,0.00666666577778,0.566,0.0548829513429,TRY,ETH,lower_cap,delay_only
1.55,0.0133333315556,0.559,0.052678247195,TRY,ETH,lower_cap,delay_only
1.575,0.0199999973333,0.5376,0.0508915621539,TRY,ETH,lower_cap,delay_only
1.6,0.0266666631111,0.5126,0.0487137681908,TRY,ETH,lower_cap,delay_only
1.625,0.0333333288889,0.4797,0.0477480495519,TRY,ETH,lower_cap,delay_only
1.65,0.0399999946667,0.4725,0.0453259501249,TRY,ETH,lower_cap,delay_only
1.675,0.0466666604444,0.4301,0.044743630195,TRY,ETH,lower_cap,delay_only
1.7,0.0533333262222,0.4099,0.0429258110145,TRY,ETH,lower_cap,delay_only
1.725,0.059999992,0.4044,0.0406336290262,TRY,ETH,lower_cap,delay_only
1.75,0.0666666577778,0.39815,0.0384936750202,TRY,ETH,lower_cap,delay_only
1.775,0.0633333248889,0.39215,0.036433388648,TRY,ETH,lower_cap,delay_only
1.8,0.059999992,0.38705,0.0341962048435,TRY,ETH,lower_cap,delay_only
1.825,0.0566666591111,0.3824,0.0319120348765,TRY,ETH,lower_cap,delay_only
1.85,0.0533333262222,0.3796,0.0304200415018,TRY,ETH,lower_cap,delay_only
1.875,0.0499999933333,0.36045,0.0291456955414,TRY,ETH,lower_cap,delay_only
1.9,0.0466666604444,0.35595,0.0275306211864,TRY,ETH,lower_cap,delay_only
1.925,0.0433333275556,0.342,0.0240184385425,TRY,ETH,lower_cap,delay_only
1.95,0.0399999946667,0.3359,0.0222676120047,TRY,ETH,lower_cap,delay_only
1.975,0.0366666617778,0.33315,0.0205487220976,TRY,ETH,lower_cap,delay_only
2,0.0333333288889,0.32875,0.0189853687439,TRY,ETH,lower_cap,delay_only
2.025,0.029999996,0.31375,0.0181357471464,TRY,ETH,lower_cap,delay_only
2.05,0.0266666631111,0.2965,0.0145990323084,TRY,ETH,lower_cap,delay_only
2.075,0.0233333302222,0.2895,0.0134518757476,TRY,ETH,lower_cap,delay_only
2.1,0.0199999973333,0.2858,0.0121369501418,TRY,ETH,lower_cap,delay_only
2.125,0.0166666644444,0.28075,0.0108658943644,TRY,ETH,lower_cap,delay_only
2.15,0.0133333315556,0.27625,0.00997344167436,TRY,ETH,lower_cap,delay_only
2.175,0.00999999866667,0.2595,0.00973414850306,TRY,ETH,lower_cap,delay_only
2.2,0.00666666577778,0.2396,0.00911157075135,TRY,ETH,lower_cap,delay_only
2.225,0.00333333288889,0.23435,0.00835520171711,TRY,ETH,lower_cap,delay_only
2.25,6.66666577778e-08,0.23045,0.00770026437981,TRY,ETH,lower_cap,delay_only
1.5,6.66666577778e-08,0.5949,0.044543195441,TRY,ETH,lower_cap,haircut_only
1.525,0.00666666577778,0.566,0.0440605601491,TRY,ETH,lower_cap,haircut_only
1.55,0.0133333315556,0.559,0.0415737433072,TRY,ETH,lower_cap,haircut_only
1.575,0.0199999973333,0.5376,0.0394209589655,TRY,ETH,lower_cap,haircut_only
1.6,0.0266666631111,0.5126,0.0367934451321,TRY,ETH,lower_cap,haircut_only
1.625,0.0333333288889,0.4797,0.035197993425,TRY,ETH,lower_cap,haircut_only
1.65,0.0399999946667,0.4725,0.0326427864267,TRY,ETH,lower_cap,haircut_only
1.675,0.0466666604444,0.4301,0.031985936625,TRY,ETH,lower_cap,haircut_only
1.7,0.0533333262222,0.4099,0.0296993798861,TRY,ETH,lower_cap,haircut_only
1.725,0.059999992,0.4044,0.0270746251299,TRY,ETH,lower_cap,haircut_only
1.75,0.0666666577778,0.39815,0.024715555687,TRY,ETH,lower_cap,haircut_only
1.775,0.0633333248889,0.39215,0.0219838334624,TRY,ETH,lower_cap,haircut_only
1.8,0.059999992,0.38705,0.0198185663495,TRY,ETH,lower_cap,haircut_only
1.825,0.0566666591111,0.3824,0.0180227501067,TRY,ETH,lower_cap,haircut_only
1.85,0.0533333262222,0.3796,0.0160409362964,TRY,ETH,lower_cap,haircut_only
1.875,0.0499999933333,0.36045,0.0146403781682,TRY,ETH,lower_cap,haircut_only
1.9,0.0466666604444,0.35595,0.012479021874,TRY,ETH,lower_cap,haircut_only
1.925,0.0433333275556,0.342,0.0160236355545,TRY,ETH,lower_cap,haircut_only
1.95,0.0399999946667,0.3359,0.0148858031723,TRY,ETH,lower_cap,haircut_only
1.975,0.0366666617778,0.33315,0.0135252185895,TRY,ETH,lower_cap,haircut_only
2,0.0333333288889,0.32875,0.0122692264056,TRY,ETH,lower_cap,haircut_only
2.025,0.029999996,0.31375,0.011481733807,TRY,ETH,lower_cap,haircut_only
2.05,0.0266666631111,0.2965,0.0151226615151,TRY,ETH,lower_cap,haircut_only
2.075,0.0233333302222,0.2895,0.0135641264324,TRY,ETH,lower_cap,haircut_only
2.1,0.0199999973333,0.2858,0.0123596909326,TRY,ETH,lower_cap,haircut_only
2.125,0.0166666644444,0.28075,0.0112604881162,TRY,ETH,lower_cap,haircut_only
2.15,0.0133333315556,0.27625,0.0102914938189,TRY,ETH,lower_cap,haircut_only
2.175,0.00999999866667,0.2595,0.00948965327119,TRY,ETH,lower_cap,haircut_only
2.2,0.00666666577778,0.2396,0.00857861945921,TRY,ETH,lower_cap,haircut_only
2.225,0.00333333288889,0.23435,0.00771252686115,TRY,ETH,lower_cap,haircut_only
2.25,6.66666577778e-08,0.23045,0.0068371768319,TRY,ETH,lower_cap,haircut_only
1.5,6.66666577778e-08,0.5949,0.0675999184684,TRY,ETH,lower_cap,delayed_stress
1.525,0.00666666577778,0.566,0.0677765880905,TRY,ETH,lower_cap,delayed_stress
1.55,0.0133333315556,0.559,0.0651685014883,TRY,ETH,lower_cap,delayed_stress
1.575,0.0199999973333,0.5376,0.0633377413892,TRY,ETH,lower_cap,delayed_stress
1.6,0.0266666631111,0.5126,0.0612866269251,TRY,ETH,lower_cap,delayed_stress
1.625,0.0333333288889,0.4797,0.0607159294558,TRY,ETH,lower_cap,delayed_stress
1.65,0.0399999946667,0.4725,0.0582488341132,TRY,ETH,lower_cap,delayed_stress
1.675,0.0466666604444,0.4301,0.0579258981701,TRY,ETH,lower_cap,delayed_stress
1.7,0.0533333262222,0.4099,0.0561777720063,TRY,ETH,lower_cap,delayed_stress
1.725,0.059999992,0.4044,0.0539414164847,TRY,ETH,lower_cap,delayed_stress
1.75,0.0666666577778,0.39815,0.0510942482812,TRY,ETH,lower_cap,delayed_stress
1.775,0.0633333248889,0.39215,0.0489263545471,TRY,ETH,lower_cap,delayed_stress
1.8,0.059999992,0.38705,0.0463327801528,TRY,ETH,lower_cap,delayed_stress
1.825,0.0566666591111,0.3824,0.0436493219855,TRY,ETH,lower_cap,delayed_stress
1.85,0.0533333262222,0.3796,0.0420158537668,TRY,ETH,lower_cap,delayed_stress
1.875,0.0499999933333,0.36045,0.0405397374632,TRY,ETH,lower_cap,delayed_stress
1.9,0.0466666604444,0.35595,0.0389739655696,TRY,ETH,lower_cap,delayed_stress
1.925,0.0433333275556,0.342,0.034909425202,TRY,ETH,lower_cap,delayed_stress
1.95,0.0399999946667,0.3359,0.0328511086396,TRY,ETH,lower_cap,delayed_stress
1.975,0.0366666617778,0.33315,0.0306445845075,TRY,ETH,lower_cap,delayed_stress
2,0.0333333288889,0.32875,0.0265703824303,TRY,ETH,lower_cap,delayed_stress
2.025,0.029999996,0.31375,0.0253590519587,TRY,ETH,lower_cap,delayed_stress
2.05,0.0266666631111,0.2965,0.0219666213926,TRY,ETH,lower_cap,delayed_stress
2.075,0.0233333302222,0.2895,0.020688903318,TRY,ETH,lower_cap,delayed_stress
2.1,0.0199999973333,0.2858,0.019278480474,TRY,ETH,lower_cap,delayed_stress
2.125,0.0166666644444,0.28075,0.0178716014477,TRY,ETH,lower_cap,delayed_stress
2.15,0.0133333315556,0.27625,0.0166517222574,TRY,ETH,lower_cap,delayed_stress
2.175,0.00999999866667,0.2595,0.0163621678102,TRY,ETH,lower_cap,delayed_stress
2.2,0.00666666577778,0.2396,0.0155024713269,TRY,ETH,lower_cap,delayed_stress
2.225,0.00333333288889,0.23435,0.0145837615444,TRY,ETH,lower_cap,delayed_stress
2.25,6.66666577778e-08,0.23045,0.0137850273752,TRY,ETH,lower_cap,delayed_stress
1.5,6.66666577778e-08,0.6903,0.00800253795387,TRY,BTC,static_20,timely
1.525,0.00666666577778,0.62735,0.00705476527478,TRY,BTC,static_20,timely
1.55,0.0133333315556,0.6201,0.00738428960227,TRY,BTC,static_20,timely
1.575,0.0199999973333,0.5929,0.00596678369284,TRY,BTC,static_20,timely
1.6,0.0266666631111,0.55205,0.00485880198325,TRY,BTC,static_20,timely
1.625,0.0333333288889,0.5141,0.00428217308175,TRY,BTC,static_20,timely
1.65,0.0399999946667,0.5062,0.00343934096807,TRY,BTC,static_20,timely
1.675,0.0466666604444,0.5019,0.00304527864244,TRY,BTC,static_20,timely
1.7,0.0533333262222,0.49675,0.00471264251058,TRY,BTC,static_20,timely
1.725,0.059999992,0.49,0.0040240245497,TRY,BTC,static_20,timely
1.75,0.0666666577778,0.4827,0.00328596267996,TRY,BTC,static_20,timely
1.775,0.0633333248889,0.4587,0.00278519575416,TRY,BTC,static_20,timely
1.8,0.059999992,0.4301,0.00216506128559,TRY,BTC,static_20,timely
1.825,0.0566666591111,0.413,0.00152266653191,TRY,BTC,static_20,timely
1.85,0.0533333262222,0.39655,0.0014577344667,TRY,BTC,static_20,timely
1.875,0.0499999933333,0.37685,0.000664648921146,TRY,BTC,static_20,timely
1.9,0.0466666604444,0.36905,0.000259469624145,TRY,BTC,static_20,timely
1.925,0.0433333275556,0.36235,0.000195251905395,TRY,BTC,static_20,timely
1.95,0.0399999946667,0.34645,0.000164315381165,TRY,BTC,static_20,timely
1.975,0.0366666617778,0.3369,0.000108297609812,TRY,BTC,static_20,timely
2,0.0333333288889,0.3308,5.10857543577e-05,TRY,BTC,static_20,timely
2.025,0.029999996,0.32785,8.86296900598e-06,TRY,BTC,static_20,timely
2.05,0.0266666631111,0.27485,1.66044109588e-06,TRY,BTC,static_20,timely
2.075,0.0233333302222,0.26535,4.59590592701e-07,TRY,BTC,static_20,timely
2.1,0.0199999973333,0.2602,0,TRY,BTC,static_20,timely
2.125,0.0166666644444,0.25445,0,TRY,BTC,static_20,timely
2.15,0.0133333315556,0.24745,0,TRY,BTC,static_20,timely
2.175,0.00999999866667,0.2316,0,TRY,BTC,static_20,timely
2.2,0.00666666577778,0.2267,0,TRY,BTC,static_20,timely
2.225,0.00333333288889,0.22135,0,TRY,BTC,static_20,timely
2.25,6.66666577778e-08,0.21565,0,TRY,BTC,static_20,timely
1.5,6.66666577778e-08,0.6903,0.0212758035401,TRY,BTC,static_20,delay_only
1.525,0.00666666577778,0.62735,0.0198393073128,TRY,BTC,static_20,delay_only
1.55,0.0133333315556,0.6201,0.0226606790879,TRY,BTC,static_20,delay_only
1.575,0.0199999973333,0.5929,0.0203416713536,TRY,BTC,static_20,delay_only
1.6,0.0266666631111,0.55205,0.0184348744791,TRY,BTC,static_20,delay_only
1.625,0.0333333288889,0.5141,0.0169577558247,TRY,BTC,static_20,delay_only
1.65,0.0399999946667,0.5062,0.0149741514437,TRY,BTC,static_20,delay_only
1.675,0.0466666604444,0.5019,0.0137284173507,TRY,BTC,static_20,delay_only
1.7,0.0533333262222,0.49675,0.0144596818543,TRY,BTC,static_20,delay_only
1.725,0.059999992,0.49,0.01355865876,TRY,BTC,static_20,delay_only
1.75,0.0666666577778,0.4827,0.0119431421699,TRY,BTC,static_20,delay_only
1.775,0.0633333248889,0.4587,0.0115058917813,TRY,BTC,static_20,delay_only
1.8,0.059999992,0.4301,0.0107738223849,TRY,BTC,static_20,delay_only
1.825,0.0566666591111,0.413,0.0100344902424,TRY,BTC,static_20,delay_only
1.85,0.0533333262222,0.39655,0.00997802420347,TRY,BTC,static_20,delay_only
1.875,0.0499999933333,0.37685,0.00891529463724,TRY,BTC,static_20,delay_only
1.9,0.0466666604444,0.36905,0.00834487115389,TRY,BTC,static_20,delay_only
1.925,0.0433333275556,0.36235,0.00676088019132,TRY,BTC,static_20,delay_only
1.95,0.0399999946667,0.34645,0.00586773418226,TRY,BTC,static_20,delay_only
1.975,0.0366666617778,0.3369,0.00467258625358,TRY,BTC,static_20,delay_only
2,0.0333333288889,0.3308,0.00356056839181,TRY,BTC,static_20,delay_only
2.025,0.029999996,0.32785,0.00305524335518,TRY,BTC,static_20,delay_only
2.05,0.0266666631111,0.27485,0.00287969028932,TRY,BTC,static_20,delay_only
2.075,0.0233333302222,0.26535,0.0025317777502,TRY,BTC,static_20,delay_only
2.1,0.0199999973333,0.2602,0.00220462643081,TRY,BTC,static_20,delay_only
2.125,0.0166666644444,0.25445,0.00189799297775,TRY,BTC,static_20,delay_only
2.15,0.0133333315556,0.24745,0.00160535855462,TRY,BTC,static_20,delay_only
2.175,0.00999999866667,0.2316,0.00113299027539,TRY,BTC,static_20,delay_only
2.2,0.00666666577778,0.2267,0.000875536550592,TRY,BTC,static_20,delay_only
2.225,0.00333333288889,0.22135,0.000757076831254,TRY,BTC,static_20,delay_only
2.25,6.66666577778e-08,0.21565,0.000563869900836,TRY,BTC,static_20,delay_only
1.5,6.66666577778e-08,0.6903,0.0215778528984,TRY,BTC,static_20,haircut_only
1.525,0.00666666577778,0.62735,0.0196788559066,TRY,BTC,static_20,haircut_only
1.55,0.0133333315556,0.6201,0.0206536660127,TRY,BTC,static_20,haircut_only
1.575,0.0199999973333,0.5929,0.0178632435232,TRY,BTC,static_20,haircut_only
1.6,0.0266666631111,0.55205,0.0153857148794,TRY,BTC,static_20,haircut_only
1.625,0.0333333288889,0.5141,0.0138806286573,TRY,BTC,static_20,haircut_only
1.65,0.0399999946667,0.5062,0.0118053364444,TRY,BTC,static_20,haircut_only
1.675,0.0466666604444,0.5019,0.0104665941631,TRY,BTC,static_20,haircut_only
1.7,0.0533333262222,0.49675,0.0126659584852,TRY,BTC,static_20,haircut_only
1.725,0.059999992,0.49,0.0110977235498,TRY,BTC,static_20,haircut_only
1.75,0.0666666577778,0.4827,0.00947386219786,TRY,BTC,static_20,haircut_only
1.775,0.0633333248889,0.4587,0.00886451731093,TRY,BTC,static_20,haircut_only
1.8,0.059999992,0.4301,0.00806777998547,TRY,BTC,static_20,haircut_only
1.825,0.0566666591111,0.413,0.00777316977426,TRY,BTC,static_20,haircut_only
1.85,0.0533333262222,0.39655,0.00967016244122,TRY,BTC,static_20,haircut_only
1.875,0.0499999933333,0.37685,0.00833200896235,TRY,BTC,static_20,haircut_only
1.9,0.0466666604444,0.36905,0.00747083846141,TRY,BTC,static_20,haircut_only
1.925,0.0433333275556,0.36235,0.0062653089598,TRY,BTC,static_20,haircut_only
1.95,0.0399999946667,0.34645,0.0045333815583,TRY,BTC,static_20,haircut_only
1.975,0.0366666617778,0.3369,0.00317818033869,TRY,BTC,static_20,haircut_only
2,0.0333333288889,0.3308,0.00235313834288,TRY,BTC,static_20,haircut_only
2.025,0.029999996,0.32785,0.00150488848732,TRY,BTC,static_20,haircut_only
2.05,0.0266666631111,0.27485,0.000721883688474,TRY,BTC,static_20,haircut_only
2.075,0.0233333302222,0.26535,0.000395503542237,TRY,BTC,static_20,haircut_only
2.1,0.0199999973333,0.2602,0.000285589540532,TRY,BTC,static_20,haircut_only
2.125,0.0166666644444,0.25445,0.000219982950113,TRY,BTC,static_20,haircut_only
2.15,0.0133333315556,0.24745,0.000152291962442,TRY,BTC,static_20,haircut_only
2.175,0.00999999866667,0.2316,0.000155988099325,TRY,BTC,static_20,haircut_only
2.2,0.00666666577778,0.2267,8.84225044563e-05,TRY,BTC,static_20,haircut_only
2.225,0.00333333288889,0.22135,5.58497196464e-05,TRY,BTC,static_20,haircut_only
2.25,6.66666577778e-08,0.21565,4.26540479239e-05,TRY,BTC,static_20,haircut_only
1.5,6.66666577778e-08,0.6903,0.0367653595592,TRY,BTC,static_20,delayed_stress
1.525,0.00666666577778,0.62735,0.0358546944702,TRY,BTC,static_20,delayed_stress
1.55,0.0133333315556,0.6201,0.0397780591887,TRY,BTC,static_20,delayed_stress
1.575,0.0199999973333,0.5929,0.0369382227279,TRY,BTC,static_20,delayed_stress
1.6,0.0266666631111,0.55205,0.03488650737,TRY,BTC,static_20,delayed_stress
1.625,0.0333333288889,0.5141,0.0332695880942,TRY,BTC,static_20,delayed_stress
1.65,0.0399999946667,0.5062,0.0306513471318,TRY,BTC,static_20,delayed_stress
1.675,0.0466666604444,0.5019,0.0281892970694,TRY,BTC,static_20,delayed_stress
1.7,0.0533333262222,0.49675,0.0284368379684,TRY,BTC,static_20,delayed_stress
1.725,0.059999992,0.49,0.0277335777292,TRY,BTC,static_20,delayed_stress
1.75,0.0666666577778,0.4827,0.0252902543692,TRY,BTC,static_20,delayed_stress
1.775,0.0633333248889,0.4587,0.0245834367511,TRY,BTC,static_20,delayed_stress
1.8,0.059999992,0.4301,0.023613338691,TRY,BTC,static_20,delayed_stress
1.825,0.0566666591111,0.413,0.0227665710235,TRY,BTC,static_20,delayed_stress
1.85,0.0533333262222,0.39655,0.0223917710326,TRY,BTC,static_20,delayed_stress
1.875,0.0499999933333,0.37685,0.0211274370757,TRY,BTC,static_20,delayed_stress
1.9,0.0466666604444,0.36905,0.0197918117196,TRY,BTC,static_20,delayed_stress
1.925,0.0433333275556,0.36235,0.0165835575016,TRY,BTC,static_20,delayed_stress
1.95,0.0399999946667,0.34645,0.0153504056629,TRY,BTC,static_20,delayed_stress
1.975,0.0366666617778,0.3369,0.013841704497,TRY,BTC,static_20,delayed_stress
2,0.0333333288889,0.3308,0.0124616568678,TRY,BTC,static_20,delayed_stress
2.025,0.029999996,0.32785,0.011113798972,TRY,BTC,static_20,delayed_stress
2.05,0.0266666631111,0.27485,0.0103723815081,TRY,BTC,static_20,delayed_stress
2.075,0.0233333302222,0.26535,0.00910622821522,TRY,BTC,static_20,delayed_stress
2.1,0.0199999973333,0.2602,0.00783792166988,TRY,BTC,static_20,delayed_stress
2.125,0.0166666644444,0.25445,0.00666730723811,TRY,BTC,static_20,delayed_stress
2.15,0.0133333315556,0.24745,0.00550225254714,TRY,BTC,static_20,delayed_stress
2.175,0.00999999866667,0.2316,0.00397739450237,TRY,BTC,static_20,delayed_stress
2.2,0.00666666577778,0.2267,0.00323322416305,TRY,BTC,static_20,delayed_stress
2.225,0.00333333288889,0.22135,0.00297777545395,TRY,BTC,static_20,delayed_stress
2.25,6.66666577778e-08,0.21565,0.00261720839975,TRY,BTC,static_20,delayed_stress
1.5,6.66666577778e-08,0.7516,0.0122907172155,TRY,BTC,adaptive_75,timely
1.525,0.00666666577778,0.70955,0.0136803660611,TRY,BTC,adaptive_75,timely
1.55,0.0133333315556,0.7061,0.0135053905016,TRY,BTC,adaptive_75,timely
1.575,0.0199999973333,0.68485,0.0125288015897,TRY,BTC,adaptive_75,timely
1.6,0.0266666631111,0.6443,0.0106752482127,TRY,BTC,adaptive_75,timely
1.625,0.0333333288889,0.6195,0.00933426993236,TRY,BTC,adaptive_75,timely
1.65,0.0399999946667,0.6121,0.00780751206608,TRY,BTC,adaptive_75,timely
1.675,0.0466666604444,0.60575,0.00670894656388,TRY,BTC,adaptive_75,timely
1.7,0.0533333262222,0.5925,0.00627167864752,TRY,BTC,adaptive_75,timely
1.725,0.059999992,0.5861,0.00543482811765,TRY,BTC,adaptive_75,timely
1.75,0.0666666577778,0.58005,0.00463074748589,TRY,BTC,adaptive_75,timely
1.775,0.0633333248889,0.5746,0.00359730438156,TRY,BTC,adaptive_75,timely
1.8,0.059999992,0.54635,0.00478308796856,TRY,BTC,adaptive_75,timely
1.825,0.0566666591111,0.531,0.00396209505417,TRY,BTC,adaptive_75,timely
1.85,0.0533333262222,0.5091,0.0043798442963,TRY,BTC,adaptive_75,timely
1.875,0.0499999933333,0.4967,0.00348367635044,TRY,BTC,adaptive_75,timely
1.9,0.0466666604444,0.48965,0.00240543140255,TRY,BTC,adaptive_75,timely
1.925,0.0433333275556,0.48315,0.00163173906801,TRY,BTC,adaptive_75,timely
1.95,0.0399999946667,0.47225,0.00104153691952,TRY,BTC,adaptive_75,timely
1.975,0.0366666617778,0.45995,0.000755565665639,TRY,BTC,adaptive_75,timely
2,0.0333333288889,0.45195,0.000521143342584,TRY,BTC,adaptive_75,timely
2.025,0.029999996,0.445,0.000366105209164,TRY,BTC,adaptive_75,timely
2.05,0.0266666631111,0.42415,0.000265301736069,TRY,BTC,adaptive_75,timely
2.075,0.0233333302222,0.4167,0.000203878902477,TRY,BTC,adaptive_75,timely
2.1,0.0199999973333,0.39525,0.000140094440887,TRY,BTC,adaptive_75,timely
2.125,0.0166666644444,0.38995,9.16467896408e-05,TRY,BTC,adaptive_75,timely
2.15,0.0133333315556,0.38295,6.84100067072e-05,TRY,BTC,adaptive_75,timely
2.175,0.00999999866667,0.37485,4.63550360001e-05,TRY,BTC,adaptive_75,timely
2.2,0.00666666577778,0.36765,3.19682811354e-05,TRY,BTC,adaptive_75,timely
2.225,0.00333333288889,0.36105,1.6224106202e-05,TRY,BTC,adaptive_75,timely
2.25,6.66666577778e-08,0.34255,7.90393677291e-05,TRY,BTC,adaptive_75,timely
1.5,6.66666577778e-08,0.7516,0.0398463748431,TRY,BTC,adaptive_75,delay_only
1.525,0.00666666577778,0.70955,0.0424777281105,TRY,BTC,adaptive_75,delay_only
1.55,0.0133333315556,0.7061,0.045666719778,TRY,BTC,adaptive_75,delay_only
1.575,0.0199999973333,0.68485,0.0450203798535,TRY,BTC,adaptive_75,delay_only
1.6,0.0266666631111,0.6443,0.042803325613,TRY,BTC,adaptive_75,delay_only
1.625,0.0333333288889,0.6195,0.0406114263479,TRY,BTC,adaptive_75,delay_only
1.65,0.0399999946667,0.6121,0.0375043717677,TRY,BTC,adaptive_75,delay_only
1.675,0.0466666604444,0.60575,0.0346369749929,TRY,BTC,adaptive_75,delay_only
1.7,0.0533333262222,0.5925,0.0332991698397,TRY,BTC,adaptive_75,delay_only
1.725,0.059999992,0.5861,0.0314608344927,TRY,BTC,adaptive_75,delay_only
1.75,0.0666666577778,0.58005,0.0288013286229,TRY,BTC,adaptive_75,delay_only
1.775,0.0633333248889,0.5746,0.0258365120052,TRY,BTC,adaptive_75,delay_only
1.8,0.059999992,0.54635,0.0259171624011,TRY,BTC,adaptive_75,delay_only
1.825,0.0566666591111,0.531,0.0241957909417,TRY,BTC,adaptive_75,delay_only
1.85,0.0533333262222,0.5091,0.0250897051348,TRY,BTC,adaptive_75,delay_only
1.875,0.0499999933333,0.4967,0.0237723585135,TRY,BTC,adaptive_75,delay_only
1.9,0.0466666604444,0.48965,0.0242915808358,TRY,BTC,adaptive_75,delay_only
1.925,0.0433333275556,0.48315,0.0218301747198,TRY,BTC,adaptive_75,delay_only
1.95,0.0399999946667,0.47225,0.0199182456026,TRY,BTC,adaptive_75,delay_only
1.975,0.0366666617778,0.45995,0.0180255697704,TRY,BTC,adaptive_75,delay_only
2,0.0333333288889,0.45195,0.015922590798,TRY,BTC,adaptive_75,delay_only
2.025,0.029999996,0.445,0.0147498710916,TRY,BTC,adaptive_75,delay_only
2.05,0.0266666631111,0.42415,0.0131738421428,TRY,BTC,adaptive_75,delay_only
2.075,0.0233333302222,0.4167,0.0117300091338,TRY,BTC,adaptive_75,delay_only
2.1,0.0199999973333,0.39525,0.0105942295793,TRY,BTC,adaptive_75,delay_only
2.125,0.0166666644444,0.38995,0.00932414187592,TRY,BTC,adaptive_75,delay_only
2.15,0.0133333315556,0.38295,0.00817146356767,TRY,BTC,adaptive_75,delay_only
2.175,0.00999999866667,0.37485,0.00722060643487,TRY,BTC,adaptive_75,delay_only
2.2,0.00666666577778,0.36765,0.00616382658222,TRY,BTC,adaptive_75,delay_only
2.225,0.00333333288889,0.36105,0.00520723652281,TRY,BTC,adaptive_75,delay_only
2.25,6.66666577778e-08,0.34255,0.00514900892153,TRY,BTC,adaptive_75,delay_only
1.5,6.66666577778e-08,0.7516,0.029482767639,TRY,BTC,adaptive_75,haircut_only
1.525,0.00666666577778,0.70955,0.0324205227696,TRY,BTC,adaptive_75,haircut_only
1.55,0.0133333315556,0.7061,0.0323175478059,TRY,BTC,adaptive_75,haircut_only
1.575,0.0199999973333,0.68485,0.0307428491789,TRY,BTC,adaptive_75,haircut_only
1.6,0.0266666631111,0.6443,0.0275923446933,TRY,BTC,adaptive_75,haircut_only
1.625,0.0333333288889,0.6195,0.0249084680777,TRY,BTC,adaptive_75,haircut_only
1.65,0.0399999946667,0.6121,0.0217177660988,TRY,BTC,adaptive_75,haircut_only
1.675,0.0466666604444,0.60575,0.0194817620853,TRY,BTC,adaptive_75,haircut_only
1.7,0.0533333262222,0.5925,0.0183906688225,TRY,BTC,adaptive_75,haircut_only
1.725,0.059999992,0.5861,0.0168630193285,TRY,BTC,adaptive_75,haircut_only
1.75,0.0666666577778,0.58005,0.0147881158934,TRY,BTC,adaptive_75,haircut_only
1.775,0.0633333248889,0.5746,0.0126846502207,TRY,BTC,adaptive_75,haircut_only
1.8,0.059999992,0.54635,0.0151845325847,TRY,BTC,adaptive_75,haircut_only
1.825,0.0566666591111,0.531,0.0163068698972,TRY,BTC,adaptive_75,haircut_only
1.85,0.0533333262222,0.5091,0.0183325929208,TRY,BTC,adaptive_75,haircut_only
1.875,0.0499999933333,0.4967,0.016688274951,TRY,BTC,adaptive_75,haircut_only
1.9,0.0466666604444,0.48965,0.0160745100886,TRY,BTC,adaptive_75,haircut_only
1.925,0.0433333275556,0.48315,0.0144191685287,TRY,BTC,adaptive_75,haircut_only
1.95,0.0399999946667,0.47225,0.0120651109416,TRY,BTC,adaptive_75,haircut_only
1.975,0.0366666617778,0.45995,0.00979796080074,TRY,BTC,adaptive_75,haircut_only
2,0.0333333288889,0.45195,0.00754934599133,TRY,BTC,adaptive_75,haircut_only
2.025,0.029999996,0.445,0.00582585097715,TRY,BTC,adaptive_75,haircut_only
2.05,0.0266666631111,0.42415,0.0043844871613,TRY,BTC,adaptive_75,haircut_only
2.075,0.0233333302222,0.4167,0.00315591235173,TRY,BTC,adaptive_75,haircut_only
2.1,0.0199999973333,0.39525,0.00237206922018,TRY,BTC,adaptive_75,haircut_only
2.125,0.0166666644444,0.38995,0.00163768445492,TRY,BTC,adaptive_75,haircut_only
2.15,0.0133333315556,0.38295,0.00113845087129,TRY,BTC,adaptive_75,haircut_only
2.175,0.00999999866667,0.37485,0.000825171545916,TRY,BTC,adaptive_75,haircut_only
2.2,0.00666666577778,0.36765,0.000606930441294,TRY,BTC,adaptive_75,haircut_only
2.225,0.00333333288889,0.36105,0.000469023895352,TRY,BTC,adaptive_75,haircut_only
2.25,6.66666577778e-08,0.34255,0.000689477069251,TRY,BTC,adaptive_75,haircut_only
1.5,6.66666577778e-08,0.7516,0.0576999616684,TRY,BTC,adaptive_75,delayed_stress
1.525,0.00666666577778,0.70955,0.0626394250964,TRY,BTC,adaptive_75,delayed_stress
1.55,0.0133333315556,0.7061,0.0670933602503,TRY,BTC,adaptive_75,delayed_stress
1.575,0.0199999973333,0.68485,0.0672129909035,TRY,BTC,adaptive_75,delayed_stress
1.6,0.0266666631111,0.6443,0.0654139129618,TRY,BTC,adaptive_75,delayed_stress
1.625,0.0333333288889,0.6195,0.0631439946962,TRY,BTC,adaptive_75,delayed_stress
1.65,0.0399999946667,0.6121,0.0599263651359,TRY,BTC,adaptive_75,delayed_stress
1.675,0.0466666604444,0.60575,0.056977648666,TRY,BTC,adaptive_75,delayed_stress
1.7,0.0533333262222,0.5925,0.0567559872382,TRY,BTC,adaptive_75,delayed_stress
1.725,0.059999992,0.5861,0.0556918258372,TRY,BTC,adaptive_75,delayed_stress
1.75,0.0666666577778,0.58005,0.0526220887479,TRY,BTC,adaptive_75,delayed_stress
1.775,0.0633333248889,0.5746,0.0490656347215,TRY,BTC,adaptive_75,delayed_stress
1.8,0.059999992,0.54635,0.0486514552936,TRY,BTC,adaptive_75,delayed_stress
1.825,0.0566666591111,0.531,0.0468841802519,TRY,BTC,adaptive_75,delayed_stress
1.85,0.0533333262222,0.5091,0.0474907144279,TRY,BTC,adaptive_75,delayed_stress
1.875,0.0499999933333,0.4967,0.045410787089,TRY,BTC,adaptive_75,delayed_stress
1.9,0.0466666604444,0.48965,0.0449059005212,TRY,BTC,adaptive_75,delayed_stress
1.925,0.0433333275556,0.48315,0.0401669755512,TRY,BTC,adaptive_75,delayed_stress
1.95,0.0399999946667,0.47225,0.0374885505376,TRY,BTC,adaptive_75,delayed_stress
1.975,0.0366666617778,0.45995,0.03489645332,TRY,BTC,adaptive_75,delayed_stress
2,0.0333333288889,0.45195,0.0320736213397,TRY,BTC,adaptive_75,delayed_stress
2.025,0.029999996,0.445,0.029403766056,TRY,BTC,adaptive_75,delayed_stress
2.05,0.0266666631111,0.42415,0.0277359724872,TRY,BTC,adaptive_75,delayed_stress
2.075,0.0233333302222,0.4167,0.0255189827991,TRY,BTC,adaptive_75,delayed_stress
2.1,0.0199999973333,0.39525,0.0237066517544,TRY,BTC,adaptive_75,delayed_stress
2.125,0.0166666644444,0.38995,0.021653917266,TRY,BTC,adaptive_75,delayed_stress
2.15,0.0133333315556,0.38295,0.0197428662386,TRY,BTC,adaptive_75,delayed_stress
2.175,0.00999999866667,0.37485,0.0180494952312,TRY,BTC,adaptive_75,delayed_stress
2.2,0.00666666577778,0.36765,0.0161972112089,TRY,BTC,adaptive_75,delayed_stress
2.225,0.00333333288889,0.36105,0.0145416419792,TRY,BTC,adaptive_75,delayed_stress
2.25,6.66666577778e-08,0.34255,0.0143200129599,TRY,BTC,adaptive_75,delayed_stress
1.5,6.66666577778e-08,0.7656,0.0170121265997,TRY,BTC,indexed_100,timely
1.525,0.00666666577778,0.72915,0.0164166079919,TRY,BTC,indexed_100,timely
1.55,0.0133333315556,0.72375,0.0189417815415,TRY,BTC,indexed_100,timely
1.575,0.0199999973333,0.71275,0.0172821057277,TRY,BTC,indexed_100,timely
1.6,0.0266666631111,0.67435,0.015666276174,TRY,BTC,indexed_100,timely
1.625,0.0333333288889,0.65025,0.0139961530948,TRY,BTC,indexed_100,timely
1.65,0.0399999946667,0.638,0.0136699115382,TRY,BTC,indexed_100,timely
1.675,0.0466666604444,0.633,0.0121003680101,TRY,BTC,indexed_100,timely
1.7,0.0533333262222,0.621,0.0111117527958,TRY,BTC,indexed_100,timely
1.725,0.059999992,0.61265,0.00953278812268,TRY,BTC,indexed_100,timely
1.75,0.0666666577778,0.60655,0.00797438821922,TRY,BTC,indexed_100,timely
1.775,0.0633333248889,0.5876,0.00682395247059,TRY,BTC,indexed_100,timely
1.8,0.059999992,0.57515,0.00613101622898,TRY,BTC,indexed_100,timely
1.825,0.0566666591111,0.56075,0.00766653878234,TRY,BTC,indexed_100,timely
1.85,0.0533333262222,0.5435,0.0067696116705,TRY,BTC,indexed_100,timely
1.875,0.0499999933333,0.53155,0.00489578669577,TRY,BTC,indexed_100,timely
1.9,0.0466666604444,0.52455,0.00386069398502,TRY,BTC,indexed_100,timely
1.925,0.0433333275556,0.5194,0.0026300528629,TRY,BTC,indexed_100,timely
1.95,0.0399999946667,0.5138,0.00188366378266,TRY,BTC,indexed_100,timely
1.975,0.0366666617778,0.50225,0.00139493185311,TRY,BTC,indexed_100,timely
2,0.0333333288889,0.48745,0.00162759016804,TRY,BTC,indexed_100,timely
2.025,0.029999996,0.4813,0.00126785118303,TRY,BTC,indexed_100,timely
2.05,0.0266666631111,0.46435,0.000987914482928,TRY,BTC,indexed_100,timely
2.075,0.0233333302222,0.45675,0.000754187214104,TRY,BTC,indexed_100,timely
2.1,0.0199999973333,0.4344,0.000601838223132,TRY,BTC,indexed_100,timely
2.125,0.0166666644444,0.4274,0.0004512805031,TRY,BTC,indexed_100,timely
2.15,0.0133333315556,0.4213,0.000332261191376,TRY,BTC,indexed_100,timely
2.175,0.00999999866667,0.41355,0.000241855790732,TRY,BTC,indexed_100,timely
2.2,0.00666666577778,0.4073,0.000183440368479,TRY,BTC,indexed_100,timely
2.225,0.00333333288889,0.4005,0.000144423388023,TRY,BTC,indexed_100,timely
2.25,6.66666577778e-08,0.396,0.000121883084992,TRY,BTC,indexed_100,timely
1.5,6.66666577778e-08,0.7656,0.0505529619793,TRY,BTC,indexed_100,delay_only
1.525,0.00666666577778,0.72915,0.0511769927259,TRY,BTC,indexed_100,delay_only
1.55,0.0133333315556,0.72375,0.0571994278575,TRY,BTC,indexed_100,delay_only
1.575,0.0199999973333,0.71275,0.0562579406223,TRY,BTC,indexed_100,delay_only
1.6,0.0266666631111,0.67435,0.0545178407574,TRY,BTC,indexed_100,delay_only
1.625,0.0333333288889,0.65025,0.0524705267369,TRY,BTC,indexed_100,delay_only
1.65,0.0399999946667,0.638,0.0516693199884,TRY,BTC,indexed_100,delay_only
1.675,0.0466666604444,0.633,0.0484716890743,TRY,BTC,indexed_100,delay_only
1.7,0.0533333262222,0.621,0.0472249198565,TRY,BTC,indexed_100,delay_only
1.725,0.059999992,0.61265,0.0448242037398,TRY,BTC,indexed_100,delay_only
1.75,0.0666666577778,0.60655,0.0420308041144,TRY,BTC,indexed_100,delay_only
1.775,0.0633333248889,0.5876,0.0396099086118,TRY,BTC,indexed_100,delay_only
1.8,0.059999992,0.57515,0.0383533868868,TRY,BTC,indexed_100,delay_only
1.825,0.0566666591111,0.56075,0.0374903323417,TRY,BTC,indexed_100,delay_only
1.85,0.0533333262222,0.5435,0.0370995014829,TRY,BTC,indexed_100,delay_only
1.875,0.0499999933333,0.53155,0.0348468579151,TRY,BTC,indexed_100,delay_only
1.9,0.0466666604444,0.52455,0.0351385415942,TRY,BTC,indexed_100,delay_only
1.925,0.0433333275556,0.5194,0.0324403879966,TRY,BTC,indexed_100,delay_only
1.95,0.0399999946667,0.5138,0.0299036040694,TRY,BTC,indexed_100,delay_only
1.975,0.0366666617778,0.50225,0.0277932639133,TRY,BTC,indexed_100,delay_only
2,0.0333333288889,0.48745,0.0261973328263,TRY,BTC,indexed_100,delay_only
2.025,0.029999996,0.4813,0.0238572490413,TRY,BTC,indexed_100,delay_only
2.05,0.0266666631111,0.46435,0.0216341758049,TRY,BTC,indexed_100,delay_only
2.075,0.0233333302222,0.45675,0.0193106636148,TRY,BTC,indexed_100,delay_only
2.1,0.0199999973333,0.4344,0.0177586288064,TRY,BTC,indexed_100,delay_only
2.125,0.0166666644444,0.4274,0.0162733965095,TRY,BTC,indexed_100,delay_only
2.15,0.0133333315556,0.4213,0.0148598684972,TRY,BTC,indexed_100,delay_only
2.175,0.00999999866667,0.41355,0.0136229793348,TRY,BTC,indexed_100,delay_only
2.2,0.00666666577778,0.4073,0.0122967740702,TRY,BTC,indexed_100,delay_only
2.225,0.00333333288889,0.4005,0.0109967182865,TRY,BTC,indexed_100,delay_only
2.25,6.66666577778e-08,0.396,0.00980246523842,TRY,BTC,indexed_100,delay_only
1.5,6.66666577778e-08,0.7656,0.034806350632,TRY,BTC,indexed_100,haircut_only
1.525,0.00666666577778,0.72915,0.0339284698206,TRY,BTC,indexed_100,haircut_only
1.55,0.0133333315556,0.72375,0.0383844083411,TRY,BTC,indexed_100,haircut_only
1.575,0.0199999973333,0.71275,0.0359261658736,TRY,BTC,indexed_100,haircut_only
1.6,0.0266666631111,0.67435,0.0333664179851,TRY,BTC,indexed_100,haircut_only
1.625,0.0333333288889,0.65025,0.0307170540337,TRY,BTC,indexed_100,haircut_only
1.65,0.0399999946667,0.638,0.0298080837039,TRY,BTC,indexed_100,haircut_only
1.675,0.0466666604444,0.633,0.0274886568592,TRY,BTC,indexed_100,haircut_only
1.7,0.0533333262222,0.621,0.0261287153904,TRY,BTC,indexed_100,haircut_only
1.725,0.059999992,0.61265,0.0242759684894,TRY,BTC,indexed_100,haircut_only
1.75,0.0666666577778,0.60655,0.021741247964,TRY,BTC,indexed_100,haircut_only
1.775,0.0633333248889,0.5876,0.0196482217781,TRY,BTC,indexed_100,haircut_only
1.8,0.059999992,0.57515,0.0185853591176,TRY,BTC,indexed_100,haircut_only
1.825,0.0566666591111,0.56075,0.0238857247095,TRY,BTC,indexed_100,haircut_only
1.85,0.0533333262222,0.5435,0.0243133054815,TRY,BTC,indexed_100,haircut_only
1.875,0.0499999933333,0.53155,0.0216034430645,TRY,BTC,indexed_100,haircut_only
1.9,0.0466666604444,0.52455,0.020865463026,TRY,BTC,indexed_100,haircut_only
1.925,0.0433333275556,0.5194,0.0187237006311,TRY,BTC,indexed_100,haircut_only
1.95,0.0399999946667,0.5138,0.0154280944936,TRY,BTC,indexed_100,haircut_only
1.975,0.0366666617778,0.50225,0.0129384116899,TRY,BTC,indexed_100,haircut_only
2,0.0333333288889,0.48745,0.0117376574334,TRY,BTC,indexed_100,haircut_only
2.025,0.029999996,0.4813,0.00929912354478,TRY,BTC,indexed_100,haircut_only
2.05,0.0266666631111,0.46435,0.00727291676043,TRY,BTC,indexed_100,haircut_only
2.075,0.0233333302222,0.45675,0.00561520754717,TRY,BTC,indexed_100,haircut_only
2.1,0.0199999973333,0.4344,0.00446527138979,TRY,BTC,indexed_100,haircut_only
2.125,0.0166666644444,0.4274,0.00357577536314,TRY,BTC,indexed_100,haircut_only
2.15,0.0133333315556,0.4213,0.00281756906366,TRY,BTC,indexed_100,haircut_only
2.175,0.00999999866667,0.41355,0.00235745097805,TRY,BTC,indexed_100,haircut_only
2.2,0.00666666577778,0.4073,0.00191257054005,TRY,BTC,indexed_100,haircut_only
2.225,0.00333333288889,0.4005,0.00154992890248,TRY,BTC,indexed_100,haircut_only
2.25,6.66666577778e-08,0.396,0.00130903200438,TRY,BTC,indexed_100,haircut_only
1.5,6.66666577778e-08,0.7656,0.0705961806189,TRY,BTC,indexed_100,delayed_stress
1.525,0.00666666577778,0.72915,0.0723340520146,TRY,BTC,indexed_100,delayed_stress
1.55,0.0133333315556,0.72375,0.0801551408052,TRY,BTC,indexed_100,delayed_stress
1.575,0.0199999973333,0.71275,0.0798163002035,TRY,BTC,indexed_100,delayed_stress
1.6,0.0266666631111,0.67435,0.0786198597692,TRY,BTC,indexed_100,delayed_stress
1.625,0.0333333288889,0.65025,0.0766279689123,TRY,BTC,indexed_100,delayed_stress
1.65,0.0399999946667,0.638,0.0761152065486,TRY,BTC,indexed_100,delayed_stress
1.675,0.0466666604444,0.633,0.0729888013815,TRY,BTC,indexed_100,delayed_stress
1.7,0.0533333262222,0.621,0.0729749975124,TRY,BTC,indexed_100,delayed_stress
1.725,0.059999992,0.61265,0.0714170847142,TRY,BTC,indexed_100,delayed_stress
1.75,0.0666666577778,0.60655,0.0682943352785,TRY,BTC,indexed_100,delayed_stress
1.775,0.0633333248889,0.5876,0.0660465078987,TRY,BTC,indexed_100,delayed_stress
1.8,0.059999992,0.57515,0.064817714548,TRY,BTC,indexed_100,delayed_stress
1.825,0.0566666591111,0.56075,0.063156759761,TRY,BTC,indexed_100,delayed_stress
1.85,0.0533333262222,0.5435,0.0626970817055,TRY,BTC,indexed_100,delayed_stress
1.875,0.0499999933333,0.53155,0.0601145257302,TRY,BTC,indexed_100,delayed_stress
1.9,0.0466666604444,0.52455,0.059400697489,TRY,BTC,indexed_100,delayed_stress
1.925,0.0433333275556,0.5194,0.0542634067668,TRY,BTC,indexed_100,delayed_stress
1.95,0.0399999946667,0.5138,0.0507770859498,TRY,BTC,indexed_100,delayed_stress
1.975,0.0366666617778,0.50225,0.0479745988501,TRY,BTC,indexed_100,delayed_stress
2,0.0333333288889,0.48745,0.0456709134002,TRY,BTC,indexed_100,delayed_stress
2.025,0.029999996,0.4813,0.0426832416573,TRY,BTC,indexed_100,delayed_stress
2.05,0.0266666631111,0.46435,0.0400864061303,TRY,BTC,indexed_100,delayed_stress
2.075,0.0233333302222,0.45675,0.0365511270727,TRY,BTC,indexed_100,delayed_stress
2.1,0.0199999973333,0.4344,0.034104697633,TRY,BTC,indexed_100,delayed_stress
2.125,0.0166666644444,0.4274,0.0317689200279,TRY,BTC,indexed_100,delayed_stress
2.15,0.0133333315556,0.4213,0.0296313589271,TRY,BTC,indexed_100,delayed_stress
2.175,0.00999999866667,0.41355,0.0275665985196,TRY,BTC,indexed_100,delayed_stress
2.2,0.00666666577778,0.4073,0.0254335366418,TRY,BTC,indexed_100,delayed_stress
2.225,0.00333333288889,0.4005,0.0233743163119,TRY,BTC,indexed_100,delayed_stress
2.25,6.66666577778e-08,0.396,0.021338164092,TRY,BTC,indexed_100,delayed_stress
1.5,6.66666577778e-08,0.71985,0.010561058498,TRY,BTC,smooth_12,timely
1.525,0.00666666577778,0.6727,0.00899721316839,TRY,BTC,smooth_12,timely
1.55,0.0133333315556,0.6672,0.00845783042978,TRY,BTC,smooth_12,timely
1.575,0.0199999973333,0.6468,0.00666158125265,TRY,BTC,smooth_12,timely
1.6,0.0266666631111,0.6036,0.0054101272381,TRY,BTC,smooth_12,timely
1.625,0.0333333288889,0.5708,0.00508928219478,TRY,BTC,smooth_12,timely
1.65,0.0399999946667,0.5635,0.00436584331621,TRY,BTC,smooth_12,timely
1.675,0.0466666604444,0.55595,0.00407186747819,TRY,BTC,smooth_12,timely
1.7,0.0533333262222,0.54265,0.003889885829,TRY,BTC,smooth_12,timely
1.725,0.059999992,0.53605,0.00337304335079,TRY,BTC,smooth_12,timely
1.75,0.0666666577778,0.5306,0.00543840222305,TRY,BTC,smooth_12,timely
1.775,0.0633333248889,0.5262,0.0044898644399,TRY,BTC,smooth_12,timely
1.8,0.059999992,0.49435,0.00375249131119,TRY,BTC,smooth_12,timely
1.825,0.0566666591111,0.47905,0.00297951032981,TRY,BTC,smooth_12,timely
1.85,0.0533333262222,0.46275,0.00302962233117,TRY,BTC,smooth_12,timely
1.875,0.0499999933333,0.45035,0.00222297537725,TRY,BTC,smooth_12,timely
1.9,0.0466666604444,0.4379,0.00140820043307,TRY,BTC,smooth_12,timely
1.925,0.0433333275556,0.4325,0.000858538688301,TRY,BTC,smooth_12,timely
1.95,0.0399999946667,0.4258,0.000433561637524,TRY,BTC,smooth_12,timely
1.975,0.0366666617778,0.4058,0.000238647593538,TRY,BTC,smooth_12,timely
2,0.0333333288889,0.39845,0.000163493821505,TRY,BTC,smooth_12,timely
2.025,0.029999996,0.39155,0.000107164379273,TRY,BTC,smooth_12,timely
2.05,0.0266666631111,0.3694,5.26440108164e-05,TRY,BTC,smooth_12,timely
2.075,0.0233333302222,0.3612,2.14050269804e-05,TRY,BTC,smooth_12,timely
2.1,0.0199999973333,0.33925,3.52495479099e-06,TRY,BTC,smooth_12,timely
2.125,0.0166666644444,0.32465,5.56965520111e-06,TRY,BTC,smooth_12,timely
2.15,0.0133333315556,0.3162,3.57168709702e-06,TRY,BTC,smooth_12,timely
2.175,0.00999999866667,0.3098,3.51247928142e-06,TRY,BTC,smooth_12,timely
2.2,0.00666666577778,0.30385,1.022361463e-06,TRY,BTC,smooth_12,timely
2.225,0.00333333288889,0.2975,5.78151572696e-07,TRY,BTC,smooth_12,timely
2.25,6.66666577778e-08,0.2918,1.53577564351e-06,TRY,BTC,smooth_12,timely
1.5,6.66666577778e-08,0.71985,0.0315825589178,TRY,BTC,smooth_12,delay_only
1.525,0.00666666577778,0.6727,0.0300308090897,TRY,BTC,smooth_12,delay_only
1.55,0.0133333315556,0.6672,0.0328177469964,TRY,BTC,smooth_12,delay_only
1.575,0.0199999973333,0.6468,0.0303705587832,TRY,BTC,smooth_12,delay_only
1.6,0.0266666631111,0.6036,0.0279191675317,TRY,BTC,smooth_12,delay_only
1.625,0.0333333288889,0.5708,0.026413119732,TRY,BTC,smooth_12,delay_only
1.65,0.0399999946667,0.5635,0.0238521895256,TRY,BTC,smooth_12,delay_only
1.675,0.0466666604444,0.55595,0.0215797337397,TRY,BTC,smooth_12,delay_only
1.7,0.0533333262222,0.54265,0.0203660597722,TRY,BTC,smooth_12,delay_only
1.725,0.059999992,0.53605,0.0191024146145,TRY,BTC,smooth_12,delay_only
1.75,0.0666666577778,0.5306,0.0196671390092,TRY,BTC,smooth_12,delay_only
1.775,0.0633333248889,0.5262,0.0176742950493,TRY,BTC,smooth_12,delay_only
1.8,0.059999992,0.49435,0.0170802879013,TRY,BTC,smooth_12,delay_only
1.825,0.0566666591111,0.47905,0.0159572465844,TRY,BTC,smooth_12,delay_only
1.85,0.0533333262222,0.46275,0.0161155108285,TRY,BTC,smooth_12,delay_only
1.875,0.0499999933333,0.45035,0.0152617204152,TRY,BTC,smooth_12,delay_only
1.9,0.0466666604444,0.4379,0.015508660013,TRY,BTC,smooth_12,delay_only
1.925,0.0433333275556,0.4325,0.0136880637997,TRY,BTC,smooth_12,delay_only
1.95,0.0399999946667,0.4258,0.0122104233339,TRY,BTC,smooth_12,delay_only
1.975,0.0366666617778,0.4058,0.0114846184281,TRY,BTC,smooth_12,delay_only
2,0.0333333288889,0.39845,0.0100982547832,TRY,BTC,smooth_12,delay_only
2.025,0.029999996,0.39155,0.00861777833811,TRY,BTC,smooth_12,delay_only
2.05,0.0266666631111,0.3694,0.00729051951104,TRY,BTC,smooth_12,delay_only
2.075,0.0233333302222,0.3612,0.00638741107807,TRY,BTC,smooth_12,delay_only
2.1,0.0199999973333,0.33925,0.00540089776155,TRY,BTC,smooth_12,delay_only
2.125,0.0166666644444,0.32465,0.00486149028993,TRY,BTC,smooth_12,delay_only
2.15,0.0133333315556,0.3162,0.00417390455672,TRY,BTC,smooth_12,delay_only
2.175,0.00999999866667,0.3098,0.00375194338286,TRY,BTC,smooth_12,delay_only
2.2,0.00666666577778,0.30385,0.00335659783197,TRY,BTC,smooth_12,delay_only
2.225,0.00333333288889,0.2975,0.00300608281918,TRY,BTC,smooth_12,delay_only
2.25,6.66666577778e-08,0.2918,0.00266981062388,TRY,BTC,smooth_12,delay_only
1.5,6.66666577778e-08,0.71985,0.0277921381574,TRY,BTC,smooth_12,haircut_only
1.525,0.00666666577778,0.6727,0.0257816249611,TRY,BTC,smooth_12,haircut_only
1.55,0.0133333315556,0.6672,0.0258635867259,TRY,BTC,smooth_12,haircut_only
1.575,0.0199999973333,0.6468,0.0229324471046,TRY,BTC,smooth_12,haircut_only
1.6,0.0266666631111,0.6036,0.0200763593593,TRY,BTC,smooth_12,haircut_only
1.625,0.0333333288889,0.5708,0.0183097852554,TRY,BTC,smooth_12,haircut_only
1.65,0.0399999946667,0.5635,0.0155435735668,TRY,BTC,smooth_12,haircut_only
1.675,0.0466666604444,0.55595,0.0136973052578,TRY,BTC,smooth_12,haircut_only
1.7,0.0533333262222,0.54265,0.012292566254,TRY,BTC,smooth_12,haircut_only
1.725,0.059999992,0.53605,0.0109291579282,TRY,BTC,smooth_12,haircut_only
1.75,0.0666666577778,0.5306,0.0135435004639,TRY,BTC,smooth_12,haircut_only
1.775,0.0633333248889,0.5262,0.0117309991797,TRY,BTC,smooth_12,haircut_only
1.8,0.059999992,0.49435,0.0108878480015,TRY,BTC,smooth_12,haircut_only
1.825,0.0566666591111,0.47905,0.0108222813563,TRY,BTC,smooth_12,haircut_only
1.85,0.0533333262222,0.46275,0.0123506044622,TRY,BTC,smooth_12,haircut_only
1.875,0.0499999933333,0.45035,0.0114202056674,TRY,BTC,smooth_12,haircut_only
1.9,0.0466666604444,0.4379,0.0115484618554,TRY,BTC,smooth_12,haircut_only
1.925,0.0433333275556,0.4325,0.0105259775985,TRY,BTC,smooth_12,haircut_only
1.95,0.0399999946667,0.4258,0.00849163821496,TRY,BTC,smooth_12,haircut_only
1.975,0.0366666617778,0.4058,0.00714659991899,TRY,BTC,smooth_12,haircut_only
2,0.0333333288889,0.39845,0.00530560832392,TRY,BTC,smooth_12,haircut_only
2.025,0.029999996,0.39155,0.00386149519901,TRY,BTC,smooth_12,haircut_only
2.05,0.0266666631111,0.3694,0.00288527735751,TRY,BTC,smooth_12,haircut_only
2.075,0.0233333302222,0.3612,0.00199358333753,TRY,BTC,smooth_12,haircut_only
2.1,0.0199999973333,0.33925,0.00136133239033,TRY,BTC,smooth_12,haircut_only
2.125,0.0166666644444,0.32465,0.000919762467195,TRY,BTC,smooth_12,haircut_only
2.15,0.0133333315556,0.3162,0.000480386526278,TRY,BTC,smooth_12,haircut_only
2.175,0.00999999866667,0.3098,0.000298167977324,TRY,BTC,smooth_12,haircut_only
2.2,0.00666666577778,0.30385,0.00019942196579,TRY,BTC,smooth_12,haircut_only
2.225,0.00333333288889,0.2975,0.000152171052738,TRY,BTC,smooth_12,haircut_only
2.25,6.66666577778e-08,0.2918,0.000134523721334,TRY,BTC,smooth_12,haircut_only
1.5,6.66666577778e-08,0.71985,0.0491676967911,TRY,BTC,smooth_12,delayed_stress
1.525,0.00666666577778,0.6727,0.0485650862429,TRY,BTC,smooth_12,delayed_stress
1.55,0.0133333315556,0.6672,0.0527228180367,TRY,BTC,smooth_12,delayed_stress
1.575,0.0199999973333,0.6468,0.0503372287267,TRY,BTC,smooth_12,delayed_stress
1.6,0.0266666631111,0.6036,0.0481056851849,TRY,BTC,smooth_12,delayed_stress
1.625,0.0333333288889,0.5708,0.0469856465904,TRY,BTC,smooth_12,delayed_stress
1.65,0.0399999946667,0.5635,0.0441045218566,TRY,BTC,smooth_12,delayed_stress
1.675,0.0466666604444,0.55595,0.0414156677199,TRY,BTC,smooth_12,delayed_stress
1.7,0.0533333262222,0.54265,0.0408539032713,TRY,BTC,smooth_12,delayed_stress
1.725,0.059999992,0.53605,0.0397791339374,TRY,BTC,smooth_12,delayed_stress
1.75,0.0666666577778,0.5306,0.0387377282438,TRY,BTC,smooth_12,delayed_stress
1.775,0.0633333248889,0.5262,0.035514918964,TRY,BTC,smooth_12,delayed_stress
1.8,0.059999992,0.49435,0.0343622708762,TRY,BTC,smooth_12,delayed_stress
1.825,0.0566666591111,0.47905,0.0320922516641,TRY,BTC,smooth_12,delayed_stress
1.85,0.0533333262222,0.46275,0.0319817967834,TRY,BTC,smooth_12,delayed_stress
1.875,0.0499999933333,0.45035,0.0310036794474,TRY,BTC,smooth_12,delayed_stress
1.9,0.0466666604444,0.4379,0.0305138087957,TRY,BTC,smooth_12,delayed_stress
1.925,0.0433333275556,0.4325,0.0267464661306,TRY,BTC,smooth_12,delayed_stress
1.95,0.0399999946667,0.4258,0.0247983419253,TRY,BTC,smooth_12,delayed_stress
1.975,0.0366666617778,0.4058,0.0239314433564,TRY,BTC,smooth_12,delayed_stress
2,0.0333333288889,0.39845,0.0222695712445,TRY,BTC,smooth_12,delayed_stress
2.025,0.029999996,0.39155,0.0203835125957,TRY,BTC,smooth_12,delayed_stress
2.05,0.0266666631111,0.3694,0.0188965921702,TRY,BTC,smooth_12,delayed_stress
2.075,0.0233333302222,0.3612,0.0172927573491,TRY,BTC,smooth_12,delayed_stress
2.1,0.0199999973333,0.33925,0.0157332266162,TRY,BTC,smooth_12,delayed_stress
2.125,0.0166666644444,0.32465,0.0149276915554,TRY,BTC,smooth_12,delayed_stress
2.15,0.0133333315556,0.3162,0.0134209937186,TRY,BTC,smooth_12,delayed_stress
2.175,0.00999999866667,0.3098,0.0119926454531,TRY,BTC,smooth_12,delayed_stress
2.2,0.00666666577778,0.30385,0.0105646993881,TRY,BTC,smooth_12,delayed_stress
2.225,0.00333333288889,0.2975,0.00916003696379,TRY,BTC,smooth_12,delayed_stress
2.25,6.66666577778e-08,0.2918,0.00801789673695,TRY,BTC,smooth_12,delayed_stress
1.5,6.66666577778e-08,0.70255,0.00813309247621,TRY,BTC,partial_adjust,timely
1.525,0.00666666577778,0.6516,0.00707569751539,TRY,BTC,partial_adjust,timely
1.55,0.0133333315556,0.63825,0.00747907030803,TRY,BTC,partial_adjust,timely
1.575,0.0199999973333,0.6142,0.00623392959677,TRY,BTC,partial_adjust,timely
1.6,0.0266666631111,0.5715,0.00517738151418,TRY,BTC,partial_adjust,timely
1.625,0.0333333288889,0.5431,0.0041543022944,TRY,BTC,partial_adjust,timely
1.65,0.0399999946667,0.52955,0.00385788316952,TRY,BTC,partial_adjust,timely
1.675,0.0466666604444,0.522,0.00358198361397,TRY,BTC,partial_adjust,timely
1.7,0.0533333262222,0.5164,0.00567360363164,TRY,BTC,partial_adjust,timely
1.725,0.059999992,0.51065,0.00489614812991,TRY,BTC,partial_adjust,timely
1.75,0.0666666577778,0.50415,0.00407674752249,TRY,BTC,partial_adjust,timely
1.775,0.0633333248889,0.4864,0.00342662621169,TRY,BTC,partial_adjust,timely
1.8,0.059999992,0.4616,0.00278905012082,TRY,BTC,partial_adjust,timely
1.825,0.0566666591111,0.4392,0.00219041988225,TRY,BTC,partial_adjust,timely
1.85,0.0533333262222,0.4309,0.0020789288981,TRY,BTC,partial_adjust,timely
1.875,0.0499999933333,0.40565,0.00129571603015,TRY,BTC,partial_adjust,timely
1.9,0.0466666604444,0.39775,0.000620170989884,TRY,BTC,partial_adjust,timely
1.925,0.0433333275556,0.39015,0.000268587793187,TRY,BTC,partial_adjust,timely
1.95,0.0399999946667,0.3755,0.000220013487983,TRY,BTC,partial_adjust,timely
1.975,0.0366666617778,0.36675,0.000161520166307,TRY,BTC,partial_adjust,timely
2,0.0333333288889,0.3595,9.77090635053e-05,TRY,BTC,partial_adjust,timely
2.025,0.029999996,0.3533,4.20772051027e-05,TRY,BTC,partial_adjust,timely
2.05,0.0266666631111,0.3031,1.02115971989e-05,TRY,BTC,partial_adjust,timely
2.075,0.0233333302222,0.29605,5.27111313135e-06,TRY,BTC,partial_adjust,timely
2.1,0.0199999973333,0.29,2.11656995619e-06,TRY,BTC,partial_adjust,timely
2.125,0.0166666644444,0.28525,1.6072008521e-06,TRY,BTC,partial_adjust,timely
2.15,0.0133333315556,0.2793,6.95075920083e-08,TRY,BTC,partial_adjust,timely
2.175,0.00999999866667,0.2714,1.2190606031e-07,TRY,BTC,partial_adjust,timely
2.2,0.00666666577778,0.2578,0,TRY,BTC,partial_adjust,timely
2.225,0.00333333288889,0.2519,0,TRY,BTC,partial_adjust,timely
2.25,6.66666577778e-08,0.24545,0,TRY,BTC,partial_adjust,timely
1.5,6.66666577778e-08,0.70255,0.0229297080063,TRY,BTC,partial_adjust,delay_only
1.525,0.00666666577778,0.6516,0.0212286098842,TRY,BTC,partial_adjust,delay_only
1.55,0.0133333315556,0.63825,0.0243748032431,TRY,BTC,partial_adjust,delay_only
1.575,0.0199999973333,0.6142,0.0223059206017,TRY,BTC,partial_adjust,delay_only
1.6,0.0266666631111,0.5715,0.0204327507968,TRY,BTC,partial_adjust,delay_only
1.625,0.0333333288889,0.5431,0.0182558150953,TRY,BTC,partial_adjust,delay_only
1.65,0.0399999946667,0.52955,0.0167306280964,TRY,BTC,partial_adjust,delay_only
1.675,0.0466666604444,0.522,0.0155388730889,TRY,BTC,partial_adjust,delay_only
1.7,0.0533333262222,0.5164,0.0170497647218,TRY,BTC,partial_adjust,delay_only
1.725,0.059999992,0.51065,0.0160880446231,TRY,BTC,partial_adjust,delay_only
1.75,0.0666666577778,0.50415,0.0143777706256,TRY,BTC,partial_adjust,delay_only
1.775,0.0633333248889,0.4864,0.0135496372738,TRY,BTC,partial_adjust,delay_only
1.8,0.059999992,0.4616,0.0128054153786,TRY,BTC,partial_adjust,delay_only
1.825,0.0566666591111,0.4392,0.0126517033324,TRY,BTC,partial_adjust,delay_only
1.85,0.0533333262222,0.4309,0.0122688210346,TRY,BTC,partial_adjust,delay_only
1.875,0.0499999933333,0.40565,0.0114464422392,TRY,BTC,partial_adjust,delay_only
1.9,0.0466666604444,0.39775,0.0110434928487,TRY,BTC,partial_adjust,delay_only
1.925,0.0433333275556,0.39015,0.00936702571308,TRY,BTC,partial_adjust,delay_only
1.95,0.0399999946667,0.3755,0.00841728147574,TRY,BTC,partial_adjust,delay_only
1.975,0.0366666617778,0.36675,0.00713359225287,TRY,BTC,partial_adjust,delay_only
2,0.0333333288889,0.3595,0.00591093681767,TRY,BTC,partial_adjust,delay_only
2.025,0.029999996,0.3533,0.00476612128889,TRY,BTC,partial_adjust,delay_only
2.05,0.0266666631111,0.3031,0.00448243568922,TRY,BTC,partial_adjust,delay_only
2.075,0.0233333302222,0.29605,0.00388365570156,TRY,BTC,partial_adjust,delay_only
2.1,0.0199999973333,0.29,0.00340121797668,TRY,BTC,partial_adjust,delay_only
2.125,0.0166666644444,0.28525,0.00294429327821,TRY,BTC,partial_adjust,delay_only
2.15,0.0133333315556,0.2793,0.00253889769458,TRY,BTC,partial_adjust,delay_only
2.175,0.00999999866667,0.2714,0.00221545161481,TRY,BTC,partial_adjust,delay_only
2.2,0.00666666577778,0.2578,0.00172378393629,TRY,BTC,partial_adjust,delay_only
2.225,0.00333333288889,0.2519,0.00139436640152,TRY,BTC,partial_adjust,delay_only
2.25,6.66666577778e-08,0.24545,0.00117344304859,TRY,BTC,partial_adjust,delay_only
1.5,6.66666577778e-08,0.70255,0.0227347262916,TRY,BTC,partial_adjust,haircut_only
1.525,0.00666666577778,0.6516,0.0204233407337,TRY,BTC,partial_adjust,haircut_only
1.55,0.0133333315556,0.63825,0.0213572292129,TRY,BTC,partial_adjust,haircut_only
1.575,0.0199999973333,0.6142,0.0186506794555,TRY,BTC,partial_adjust,haircut_only
1.6,0.0266666631111,0.5715,0.0162249370834,TRY,BTC,partial_adjust,haircut_only
1.625,0.0333333288889,0.5431,0.0138387022529,TRY,BTC,partial_adjust,haircut_only
1.65,0.0399999946667,0.52955,0.0125667303371,TRY,BTC,partial_adjust,haircut_only
1.675,0.0466666604444,0.522,0.0114093737091,TRY,BTC,partial_adjust,haircut_only
1.7,0.0533333262222,0.5164,0.014072830477,TRY,BTC,partial_adjust,haircut_only
1.725,0.059999992,0.51065,0.0124608532323,TRY,BTC,partial_adjust,haircut_only
1.75,0.0666666577778,0.50415,0.0107261816994,TRY,BTC,partial_adjust,haircut_only
1.775,0.0633333248889,0.4864,0.00974128875412,TRY,BTC,partial_adjust,haircut_only
1.8,0.059999992,0.4616,0.00898877679421,TRY,BTC,partial_adjust,haircut_only
1.825,0.0566666591111,0.4392,0.00930432218649,TRY,BTC,partial_adjust,haircut_only
1.85,0.0533333262222,0.4309,0.0108382494133,TRY,BTC,partial_adjust,haircut_only
1.875,0.0499999933333,0.40565,0.00985332911479,TRY,BTC,partial_adjust,haircut_only
1.9,0.0466666604444,0.39775,0.00911692572027,TRY,BTC,partial_adjust,haircut_only
1.925,0.0433333275556,0.39015,0.00779800145664,TRY,BTC,partial_adjust,haircut_only
1.95,0.0399999946667,0.3755,0.00593280165123,TRY,BTC,partial_adjust,haircut_only
1.975,0.0366666617778,0.36675,0.00432241018428,TRY,BTC,partial_adjust,haircut_only
2,0.0333333288889,0.3595,0.00315764964532,TRY,BTC,partial_adjust,haircut_only
2.025,0.029999996,0.3533,0.00219841538294,TRY,BTC,partial_adjust,haircut_only
2.05,0.0266666631111,0.3031,0.00137692035568,TRY,BTC,partial_adjust,haircut_only
2.075,0.0233333302222,0.29605,0.000720758192349,TRY,BTC,partial_adjust,haircut_only
2.1,0.0199999973333,0.29,0.000487335617445,TRY,BTC,partial_adjust,haircut_only
2.125,0.0166666644444,0.28525,0.000339819603595,TRY,BTC,partial_adjust,haircut_only
2.15,0.0133333315556,0.2793,0.000241985927327,TRY,BTC,partial_adjust,haircut_only
2.175,0.00999999866667,0.2714,0.000162850010554,TRY,BTC,partial_adjust,haircut_only
2.2,0.00666666577778,0.2578,0.000178462510032,TRY,BTC,partial_adjust,haircut_only
2.225,0.00333333288889,0.2519,0.000125268642117,TRY,BTC,partial_adjust,haircut_only
2.25,6.66666577778e-08,0.24545,9.11358603033e-05,TRY,BTC,partial_adjust,haircut_only
1.5,6.66666577778e-08,0.70255,0.0393402172206,TRY,BTC,partial_adjust,delayed_stress
1.525,0.00666666577778,0.6516,0.0382393439673,TRY,BTC,partial_adjust,delayed_stress
1.55,0.0133333315556,0.63825,0.042587133676,TRY,BTC,partial_adjust,delayed_stress
1.575,0.0199999973333,0.6142,0.0400962395755,TRY,BTC,partial_adjust,delayed_stress
1.6,0.0266666631111,0.5715,0.0380545001175,TRY,BTC,partial_adjust,delayed_stress
1.625,0.0333333288889,0.5431,0.0354746514322,TRY,BTC,partial_adjust,delayed_stress
1.65,0.0399999946667,0.52955,0.0335780006106,TRY,BTC,partial_adjust,delayed_stress
1.675,0.0466666604444,0.522,0.0312896829142,TRY,BTC,partial_adjust,delayed_stress
1.7,0.0533333262222,0.5164,0.0322244012045,TRY,BTC,partial_adjust,delayed_stress
1.725,0.059999992,0.51065,0.0315051677511,TRY,BTC,partial_adjust,delayed_stress
1.75,0.0666666577778,0.50415,0.0290068589672,TRY,BTC,partial_adjust,delayed_stress
1.775,0.0633333248889,0.4864,0.0277823376484,TRY,BTC,partial_adjust,delayed_stress
1.8,0.059999992,0.4616,0.0267337140968,TRY,BTC,partial_adjust,delayed_stress
1.825,0.0566666591111,0.4392,0.0266466163486,TRY,BTC,partial_adjust,delayed_stress
1.85,0.0533333262222,0.4309,0.0257325703713,TRY,BTC,partial_adjust,delayed_stress
1.875,0.0499999933333,0.40565,0.0250420472496,TRY,BTC,partial_adjust,delayed_stress
1.9,0.0466666604444,0.39775,0.0238797766601,TRY,BTC,partial_adjust,delayed_stress
1.925,0.0433333275556,0.39015,0.0204952371398,TRY,BTC,partial_adjust,delayed_stress
1.95,0.0399999946667,0.3755,0.0192793376271,TRY,BTC,partial_adjust,delayed_stress
1.975,0.0366666617778,0.36675,0.0176475845671,TRY,BTC,partial_adjust,delayed_stress
2,0.0333333288889,0.3595,0.0161193129428,TRY,BTC,partial_adjust,delayed_stress
2.025,0.029999996,0.3533,0.0145244263569,TRY,BTC,partial_adjust,delayed_stress
2.05,0.0266666631111,0.3031,0.0139341862801,TRY,BTC,partial_adjust,delayed_stress
2.075,0.0233333302222,0.29605,0.0124460328709,TRY,BTC,partial_adjust,delayed_stress
2.1,0.0199999973333,0.29,0.0109343946837,TRY,BTC,partial_adjust,delayed_stress
2.125,0.0166666644444,0.28525,0.00953442994629,TRY,BTC,partial_adjust,delayed_stress
2.15,0.0133333315556,0.2793,0.00817236703107,TRY,BTC,partial_adjust,delayed_stress
2.175,0.00999999866667,0.2714,0.00699528208878,TRY,BTC,partial_adjust,delayed_stress
2.2,0.00666666577778,0.2578,0.00538076311247,TRY,BTC,partial_adjust,delayed_stress
2.225,0.00333333288889,0.2519,0.00454860529486,TRY,BTC,partial_adjust,delayed_stress
2.25,6.66666577778e-08,0.24545,0.00408387465048,TRY,BTC,partial_adjust,delayed_stress
1.5,6.66666577778e-08,0.71865,0.0104745974482,TRY,BTC,lower_cap,timely
1.525,0.00666666577778,0.6715,0.00894111392424,TRY,BTC,lower_cap,timely
1.55,0.0133333315556,0.66585,0.0083939304387,TRY,BTC,lower_cap,timely
1.575,0.0199999973333,0.64375,0.00663320688597,TRY,BTC,lower_cap,timely
1.6,0.0266666631111,0.60235,0.00538956893151,TRY,BTC,lower_cap,timely
1.625,0.0333333288889,0.56965,0.00506599041118,TRY,BTC,lower_cap,timely
1.65,0.0399999946667,0.56175,0.00432535203874,TRY,BTC,lower_cap,timely
1.675,0.0466666604444,0.554,0.00396451114683,TRY,BTC,lower_cap,timely
1.7,0.0533333262222,0.5398,0.00379393358913,TRY,BTC,lower_cap,timely
1.725,0.059999992,0.53485,0.0032513816475,TRY,BTC,lower_cap,timely
1.75,0.0666666577778,0.5288,0.00530784276211,TRY,BTC,lower_cap,timely
1.775,0.0633333248889,0.5233,0.00438246936464,TRY,BTC,lower_cap,timely
1.8,0.059999992,0.49225,0.00363333930017,TRY,BTC,lower_cap,timely
1.825,0.0566666591111,0.4773,0.00289588061691,TRY,BTC,lower_cap,timely
1.85,0.0533333262222,0.46015,0.00296872479517,TRY,BTC,lower_cap,timely
1.875,0.0499999933333,0.4466,0.00217440031257,TRY,BTC,lower_cap,timely
1.9,0.0466666604444,0.4344,0.00138393601672,TRY,BTC,lower_cap,timely
1.925,0.0433333275556,0.4297,0.000836307074352,TRY,BTC,lower_cap,timely
1.95,0.0399999946667,0.42365,0.000423679407806,TRY,BTC,lower_cap,timely
1.975,0.0366666617778,0.40145,0.000243020798802,TRY,BTC,lower_cap,timely
2,0.0333333288889,0.39405,0.000163073073083,TRY,BTC,lower_cap,timely
2.025,0.029999996,0.38665,9.73656319181e-05,TRY,BTC,lower_cap,timely
2.05,0.0266666631111,0.3644,4.8376569981e-05,TRY,BTC,lower_cap,timely
2.075,0.0233333302222,0.3566,2.32454967355e-05,TRY,BTC,lower_cap,timely
2.1,0.0199999973333,0.3343,6.08874136987e-06,TRY,BTC,lower_cap,timely
2.125,0.0166666644444,0.31895,4.98476499202e-06,TRY,BTC,lower_cap,timely
2.15,0.0133333315556,0.31075,1.55337894291e-06,TRY,BTC,lower_cap,timely
2.175,0.00999999866667,0.30335,3.61417133672e-06,TRY,BTC,lower_cap,timely
2.2,0.00666666577778,0.2978,1.33962084982e-06,TRY,BTC,lower_cap,timely
2.225,0.00333333288889,0.29155,5.78151572696e-07,TRY,BTC,lower_cap,timely
2.25,6.66666577778e-08,0.28565,8.1009948395e-07,TRY,BTC,lower_cap,timely
1.5,6.66666577778e-08,0.71865,0.0314221186727,TRY,BTC,lower_cap,delay_only
1.525,0.00666666577778,0.6715,0.029924857198,TRY,BTC,lower_cap,delay_only
1.55,0.0133333315556,0.66585,0.0326824225886,TRY,BTC,lower_cap,delay_only
1.575,0.0199999973333,0.64375,0.0302356399032,TRY,BTC,lower_cap,delay_only
1.6,0.0266666631111,0.60235,0.0279426173885,TRY,BTC,lower_cap,delay_only
1.625,0.0333333288889,0.56965,0.026369862149,TRY,BTC,lower_cap,delay_only
1.65,0.0399999946667,0.56175,0.023800357722,TRY,BTC,lower_cap,delay_only
1.675,0.0466666604444,0.554,0.0214062112885,TRY,BTC,lower_cap,delay_only
1.7,0.0533333262222,0.5398,0.0202083732035,TRY,BTC,lower_cap,delay_only
1.725,0.059999992,0.53485,0.0188915121318,TRY,BTC,lower_cap,delay_only
1.75,0.0666666577778,0.5288,0.0194504952237,TRY,BTC,lower_cap,delay_only
1.775,0.0633333248889,0.5233,0.0174515798908,TRY,BTC,lower_cap,delay_only
1.8,0.059999992,0.49225,0.016831763017,TRY,BTC,lower_cap,delay_only
1.825,0.0566666591111,0.4773,0.0158400022451,TRY,BTC,lower_cap,delay_only
1.85,0.0533333262222,0.46015,0.0161481639456,TRY,BTC,lower_cap,delay_only
1.875,0.0499999933333,0.4466,0.0151860703348,TRY,BTC,lower_cap,delay_only
1.9,0.0466666604444,0.4344,0.0154154015992,TRY,BTC,lower_cap,delay_only
1.925,0.0433333275556,0.4297,0.0135850093109,TRY,BTC,lower_cap,delay_only
1.95,0.0399999946667,0.42365,0.0121563242874,TRY,BTC,lower_cap,delay_only
1.975,0.0366666617778,0.40145,0.0112407685625,TRY,BTC,lower_cap,delay_only
2,0.0333333288889,0.39405,0.00987394082283,TRY,BTC,lower_cap,delay_only
2.025,0.029999996,0.38665,0.00842999493844,TRY,BTC,lower_cap,delay_only
2.05,0.0266666631111,0.3644,0.00711538808222,TRY,BTC,lower_cap,delay_only
2.075,0.0233333302222,0.3566,0.00615529819354,TRY,BTC,lower_cap,delay_only
2.1,0.0199999973333,0.3343,0.00520459707477,TRY,BTC,lower_cap,delay_only
2.125,0.0166666644444,0.31895,0.0046879385858,TRY,BTC,lower_cap,delay_only
2.15,0.0133333315556,0.31075,0.00401750088888,TRY,BTC,lower_cap,delay_only
2.175,0.00999999866667,0.30335,0.00361023724814,TRY,BTC,lower_cap,delay_only
2.2,0.00666666577778,0.2978,0.00319519086759,TRY,BTC,lower_cap,delay_only
2.225,0.00333333288889,0.29155,0.00276124711614,TRY,BTC,lower_cap,delay_only
2.25,6.66666577778e-08,0.28565,0.0024001145987,TRY,BTC,lower_cap,delay_only
1.5,6.66666577778e-08,0.71865,0.0276227124703,TRY,BTC,lower_cap,haircut_only
1.525,0.00666666577778,0.6715,0.02562649251,TRY,BTC,lower_cap,haircut_only
1.55,0.0133333315556,0.66585,0.0256937803316,TRY,BTC,lower_cap,haircut_only
1.575,0.0199999973333,0.64375,0.0228145298479,TRY,BTC,lower_cap,haircut_only
1.6,0.0266666631111,0.60235,0.0200841159566,TRY,BTC,lower_cap,haircut_only
1.625,0.0333333288889,0.56965,0.0183175655721,TRY,BTC,lower_cap,haircut_only
1.65,0.0399999946667,0.56175,0.0155480871883,TRY,BTC,lower_cap,haircut_only
1.675,0.0466666604444,0.554,0.0135615632941,TRY,BTC,lower_cap,haircut_only
1.7,0.0533333262222,0.5398,0.0121825494795,TRY,BTC,lower_cap,haircut_only
1.725,0.059999992,0.53485,0.0107488741611,TRY,BTC,lower_cap,haircut_only
1.75,0.0666666577778,0.5288,0.0133735529005,TRY,BTC,lower_cap,haircut_only
1.775,0.0633333248889,0.5233,0.0115926780365,TRY,BTC,lower_cap,haircut_only
1.8,0.059999992,0.49225,0.0106975689934,TRY,BTC,lower_cap,haircut_only
1.825,0.0566666591111,0.4773,0.0107021313872,TRY,BTC,lower_cap,haircut_only
1.85,0.0533333262222,0.46015,0.012317530835,TRY,BTC,lower_cap,haircut_only
1.875,0.0499999933333,0.4466,0.0112932100294,TRY,BTC,lower_cap,haircut_only
1.9,0.0466666604444,0.4344,0.0114261457462,TRY,BTC,lower_cap,haircut_only
1.925,0.0433333275556,0.4297,0.010415148818,TRY,BTC,lower_cap,haircut_only
1.95,0.0399999946667,0.42365,0.00835262490358,TRY,BTC,lower_cap,haircut_only
1.975,0.0366666617778,0.40145,0.00693917998195,TRY,BTC,lower_cap,haircut_only
2,0.0333333288889,0.39405,0.00517932337981,TRY,BTC,lower_cap,haircut_only
2.025,0.029999996,0.38665,0.00371984742312,TRY,BTC,lower_cap,haircut_only
2.05,0.0266666631111,0.3644,0.00278607425614,TRY,BTC,lower_cap,haircut_only
2.075,0.0233333302222,0.3566,0.0019475111734,TRY,BTC,lower_cap,haircut_only
2.1,0.0199999973333,0.3343,0.00133372350028,TRY,BTC,lower_cap,haircut_only
2.125,0.0166666644444,0.31895,0.000883216323401,TRY,BTC,lower_cap,haircut_only
2.15,0.0133333315556,0.31075,0.000446954842949,TRY,BTC,lower_cap,haircut_only
2.175,0.00999999866667,0.30335,0.000281897459388,TRY,BTC,lower_cap,haircut_only
2.2,0.00666666577778,0.2978,0.000187701981349,TRY,BTC,lower_cap,haircut_only
2.225,0.00333333288889,0.29155,0.000126964879236,TRY,BTC,lower_cap,haircut_only
2.25,6.66666577778e-08,0.28565,0.00011914574647,TRY,BTC,lower_cap,haircut_only
1.5,6.66666577778e-08,0.71865,0.0489765068385,TRY,BTC,lower_cap,delayed_stress
1.525,0.00666666577778,0.6715,0.0483932326027,TRY,BTC,lower_cap,delayed_stress
1.55,0.0133333315556,0.66585,0.0524729922712,TRY,BTC,lower_cap,delayed_stress
1.575,0.0199999973333,0.64375,0.0500340532144,TRY,BTC,lower_cap,delayed_stress
1.6,0.0266666631111,0.60235,0.0480844019795,TRY,BTC,lower_cap,delayed_stress
1.625,0.0333333288889,0.56965,0.046826332468,TRY,BTC,lower_cap,delayed_stress
1.65,0.0399999946667,0.56175,0.043983126087,TRY,BTC,lower_cap,delayed_stress
1.675,0.0466666604444,0.554,0.041161414802,TRY,BTC,lower_cap,delayed_stress
1.7,0.0533333262222,0.5398,0.0406321771532,TRY,BTC,lower_cap,delayed_stress
1.725,0.059999992,0.53485,0.0394911601671,TRY,BTC,lower_cap,delayed_stress
1.75,0.0666666577778,0.5288,0.0384095670141,TRY,BTC,lower_cap,delayed_stress
1.775,0.0633333248889,0.5233,0.0351276464142,TRY,BTC,lower_cap,delayed_stress
1.8,0.059999992,0.49225,0.0339693088283,TRY,BTC,lower_cap,delayed_stress
1.825,0.0566666591111,0.4773,0.0318976907306,TRY,BTC,lower_cap,delayed_stress
1.85,0.0533333262222,0.46015,0.0319702571063,TRY,BTC,lower_cap,delayed_stress
1.875,0.0499999933333,0.4466,0.030846042867,TRY,BTC,lower_cap,delayed_stress
1.9,0.0466666604444,0.4344,0.030289751015,TRY,BTC,lower_cap,delayed_stress
1.925,0.0433333275556,0.4297,0.0264759739528,TRY,BTC,lower_cap,delayed_stress
1.95,0.0399999946667,0.42365,0.0246218019444,TRY,BTC,lower_cap,delayed_stress
1.975,0.0366666617778,0.40145,0.0234647101743,TRY,BTC,lower_cap,delayed_stress
2,0.0333333288889,0.39405,0.0218137615522,TRY,BTC,lower_cap,delayed_stress
2.025,0.029999996,0.38665,0.0200010995966,TRY,BTC,lower_cap,delayed_stress
2.05,0.0266666631111,0.3644,0.0185140511674,TRY,BTC,lower_cap,delayed_stress
2.075,0.0233333302222,0.3566,0.0169156069202,TRY,BTC,lower_cap,delayed_stress
2.1,0.0199999973333,0.3343,0.0153982468248,TRY,BTC,lower_cap,delayed_stress
2.125,0.0166666644444,0.31895,0.014567323848,TRY,BTC,lower_cap,delayed_stress
2.15,0.0133333315556,0.31075,0.013052954756,TRY,BTC,lower_cap,delayed_stress
2.175,0.00999999866667,0.30335,0.0116016750821,TRY,BTC,lower_cap,delayed_stress
2.2,0.00666666577778,0.2978,0.0102271963793,TRY,BTC,lower_cap,delayed_stress
2.225,0.00333333288889,0.29155,0.00888388945416,TRY,BTC,lower_cap,delayed_stress
2.25,6.66666577778e-08,0.28565,0.00756073846035,TRY,BTC,lower_cap,delayed_stress
